time,id,value,type,label,site
2015-01-01T00:00:00Z,http:/buildsys.org/ontologies/BLDG1#BLDG1.CHW.Loop_Chilled_Water_Flow,201.28,https:/brickschema.org/schema/Brick#Chilled_Water_Flow_Sensor,BLDG1.CHW.Loop Chilled Water Flow,bldg1
2015-01-01T00:15:00Z,http:/buildsys.org/ontologies/BLDG1#BLDG1.CHW.Loop_Chilled_Water_Flow,175.28,https:/brickschema.org/schema/Brick#Chilled_Water_Flow_Sensor,BLDG1.CHW.Loop Chilled Water Flow,bldg1
2015-01-01T00:30:00Z,http:/buildsys.org/ontologies/BLDG1#BLDG1.CHW.Loop_Chilled_Water_Flow,122.36,https:/brickschema.org/schema/Brick#Chilled_Water_Flow_Sensor,BLDG1.CHW.Loop Chilled Water Flow,bldg1
2015-01-01T00:45:00Z,http:/buildsys.org/ontologies/BLDG1#BLDG1.CHW.Loop_Chilled_Water_Flow,191.8,https:/brickschema.org/schema/Brick#Chilled_Water_Flow_Sensor,BLDG1.CHW.Loop Chilled Water Flow,bldg1
2015-01-01T01:00:00Z,http:/buildsys.org/ontologies/BLDG1#BLDG1.CHW.Loop_Chilled_Water_Flow,221.2,https:/brickschema.org/schema/Brick#Chilled_Water_Flow_Sensor,BLDG1.CHW.Loop Chilled Water Flow,bldg1
2015-01-01T01:15:00Z,http:/buildsys.org/ontologies/BLDG1#BLDG1.CHW.Loop_Chilled_Water_Flow,371.13,https:/brickschema.org/schema/Brick#Chilled_Water_Flow_Sensor,BLDG1.CHW.Loop Chilled Water Flow,bldg1
2015-01-01T01:30:00Z,http:/buildsys.org/ontologies/BLDG1#BLDG1.CHW.Loop_Chilled_Water_Flow,323.34,https:/brickschema.org/schema/Brick#Chilled_Water_Flow_Sensor,BLDG1.CHW.Loop Chilled Water Flow,bldg1
2015-01-01T01:45:00Z,http:/buildsys.org/ontologies/BLDG1#BLDG1.CHW.Loop_Chilled_Water_Flow,418.87,https:/brickschema.org/schema/Brick#Chilled_Water_Flow_Sensor,BLDG1.CHW.Loop Chilled Water Flow,bldg1
2015-01-01T02:00:00Z,http:/buildsys.org/ontologies/BLDG1#BLDG1.CHW.Loop_Chilled_Water_Flow,481.02,https:/brickschema.org/schema/Brick#Chilled_Water_Flow_Sensor,BLDG1.CHW.Loop Chilled Water Flow,bldg1
2015-01-01T02:15:00Z,http:/buildsys.org/ontologies/BLDG1#BLDG1.CHW.Loop_Chilled_Water_Flow,602.66,https:/brickschema.org/schema/Brick#Chilled_Water_Flow_Sensor,BLDG1.CHW.Loop Chilled Water Flow,bldg1
2015-01-01T02:30:00Z,http:/buildsys.org/ontologies/BLDG1#BLDG1.CHW.Loop_Chilled_Water_Flow,596.44,https:/brickschema.org/schema/Brick#Chilled_Water_Flow_Sensor,BLDG1.CHW.Loop Chilled Water Flow,bldg1
2015-01-01T02:45:00Z,http:/buildsys.org/ontologies/BLDG1#BLDG1.CHW.Loop_Chilled_Water_Flow,653.55,https:/brickschema.org/schema/Brick#Chilled_Water_Flow_Sensor,BLDG1.CHW.Loop Chilled Water Flow,bldg1
2015-01-01T03:00:00Z,http:/buildsys.org/ontologies/BLDG1#BLDG1.CHW.Loop_Chilled_Water_Flow,520.66,https:/brickschema.org/schema/Brick#Chilled_Water_Flow_Sensor,BLDG1.CHW.Loop Chilled Water Flow,bldg1
2015-01-01T03:15:00Z,http:/buildsys.org/ontologies/BLDG1#BLDG1.CHW.Loop_Chilled_Water_Flow,657.13,https:/brickschema.org/schema/Brick#Chilled_Water_Flow_Sensor,BLDG1.CHW.Loop Chilled Water Flow,bldg1
2015-01-01T03:30:00Z,http:/buildsys.org/ontologies/BLDG1#BLDG1.CHW.Loop_Chilled_Water_Flow,648.3,https:/brickschema.org/schema/Brick#Chilled_Water_Flow_Sensor,BLDG1.CHW.Loop Chilled Water Flow,bldg1
2015-01-01T03:45:00Z,http:/buildsys.org/ontologies/BLDG1#BLDG1.CHW.Loop_Chilled_Water_Flow,614.01,https:/brickschema.org/schema/Brick#Chilled_Water_Flow_Sensor,BLDG1.CHW.Loop Chilled Water Flow,bldg1
2015-01-01T04:00:00Z,http:/buildsys.org/ontologies/BLDG1#BLDG1.CHW.Loop_Chilled_Water_Flow,628.07,https:/brickschema.org/schema/Brick#Chilled_Water_Flow_Sensor,BLDG1.CHW.Loop Chilled Water Flow,bldg1
2015-01-01T04:15:00Z,http:/buildsys.org/ontologies/BLDG1#BLDG1.CHW.Loop_Chilled_Water_Flow,705.81,https:/brickschema.org/schema/Brick#Chilled_Water_Flow_Sensor,BLDG1.CHW.Loop Chilled Water Flow,bldg1
2015-01-01T04:30:00Z,http:/buildsys.org/ontologies/BLDG1#BLDG1.CHW.Loop_Chilled_Water_Flow,735.64,https:/brickschema.org/schema/Brick#Chilled_Water_Flow_Sensor,BLDG1.CHW.Loop Chilled Water Flow,bldg1
2015-01-01T04:45:00Z,http:/buildsys.org/ontologies/BLDG1#BLDG1.CHW.Loop_Chilled_Water_Flow,762.47,https:/brickschema.org/schema/Brick#Chilled_Water_Flow_Sensor,BLDG1.CHW.Loop Chilled Water Flow,bldg1
2015-01-01T05:00:00Z,http:/buildsys.org/ontologies/BLDG1#BLDG1.CHW.Loop_Chilled_Water_Flow,821.67,https:/brickschema.org/schema/Brick#Chilled_Water_Flow_Sensor,BLDG1.CHW.Loop Chilled Water Flow,bldg1
2015-01-01T05:15:00Z,http:/buildsys.org/ontologies/BLDG1#BLDG1.CHW.Loop_Chilled_Water_Flow,797.26,https:/brickschema.org/schema/Brick#Chilled_Water_Flow_Sensor,BLDG1.CHW.Loop Chilled Water Flow,bldg1
2015-01-01T05:30:00Z,http:/buildsys.org/ontologies/BLDG1#BLDG1.CHW.Loop_Chilled_Water_Flow,902.93,https:/brickschema.org/schema/Brick#Chilled_Water_Flow_Sensor,BLDG1.CHW.Loop Chilled Water Flow,bldg1
2015-01-01T05:45:00Z,http:/buildsys.org/ontologies/BLDG1#BLDG1.CHW.Loop_Chilled_Water_Flow,877.64,https:/brickschema.org/schema/Brick#Chilled_Water_Flow_Sensor,BLDG1.CHW.Loop Chilled Water Flow,bldg1
2015-01-01T06:00:00Z,http:/buildsys.org/ontologies/BLDG1#BLDG1.CHW.Loop_Chilled_Water_Flow,974.01,https:/brickschema.org/schema/Brick#Chilled_Water_Flow_Sensor,BLDG1.CHW.Loop Chilled Water Flow,bldg1
2015-01-01T06:15:00Z,http:/buildsys.org/ontologies/BLDG1#BLDG1.CHW.Loop_Chilled_Water_Flow,1113.23,https:/brickschema.org/schema/Brick#Chilled_Water_Flow_Sensor,BLDG1.CHW.Loop Chilled Water Flow,bldg1
2015-01-01T06:30:00Z,http:/buildsys.org/ontologies/BLDG1#BLDG1.CHW.Loop_Chilled_Water_Flow,993.34,https:/brickschema.org/schema/Brick#Chilled_Water_Flow_Sensor,BLDG1.CHW.Loop Chilled Water Flow,bldg1
2015-01-01T06:45:00Z,http:/buildsys.org/ontologies/BLDG1#BLDG1.CHW.Loop_Chilled_Water_Flow,1137.03,https:/brickschema.org/schema/Brick#Chilled_Water_Flow_Sensor,BLDG1.CHW.Loop Chilled Water Flow,bldg1
2015-01-01T07:00:00Z,http:/buildsys.org/ontologies/BLDG1#BLDG1.CHW.Loop_Chilled_Water_Flow,983.21,https:/brickschema.org/schema/Brick#Chilled_Water_Flow_Sensor,BLDG1.CHW.Loop Chilled Water Flow,bldg1
2015-01-01T07:15:00Z,http:/buildsys.org/ontologies/BLDG1#BLDG1.CHW.Loop_Chilled_Water_Flow,1020.69,https:/brickschema.org/schema/Brick#Chilled_Water_Flow_Sensor,BLDG1.CHW.Loop Chilled Water Flow,bldg1
2015-01-01T07:30:00Z,http:/buildsys.org/ontologies/BLDG1#BLDG1.CHW.Loop_Chilled_Water_Flow,988.64,https:/brickschema.org/schema/Brick#Chilled_Water_Flow_Sensor,BLDG1.CHW.Loop Chilled Water Flow,bldg1
2015-01-01T07:45:00Z,http:/buildsys.org/ontologies/BLDG1#BLDG1.CHW.Loop_Chilled_Water_Flow,1048.01,https:/brickschema.org/schema/Brick#Chilled_Water_Flow_Sensor,BLDG1.CHW.Loop Chilled Water Flow,bldg1
2015-01-01T08:00:00Z,http:/buildsys.org/ontologies/BLDG1#BLDG1.CHW.Loop_Chilled_Water_Flow,1095.8,https:/brickschema.org/schema/Brick#Chilled_Water_Flow_Sensor,BLDG1.CHW.Loop Chilled Water Flow,bldg1
2015-01-01T08:15:00Z,http:/buildsys.org/ontologies/BLDG1#BLDG1.CHW.Loop_Chilled_Water_Flow,1116.18,https:/brickschema.org/schema/Brick#Chilled_Water_Flow_Sensor,BLDG1.CHW.Loop Chilled Water Flow,bldg1
2015-01-01T08:30:00Z,http:/buildsys.org/ontologies/BLDG1#BLDG1.CHW.Loop_Chilled_Water_Flow,1057.73,https:/brickschema.org/schema/Brick#Chilled_Water_Flow_Sensor,BLDG1.CHW.Loop Chilled Water Flow,bldg1
2015-01-01T08:45:00Z,http:/buildsys.org/ontologies/BLDG1#BLDG1.CHW.Loop_Chilled_Water_Flow,1246.39,https:/brickschema.org/schema/Brick#Chilled_Water_Flow_Sensor,BLDG1.CHW.Loop Chilled Water Flow,bldg1
2015-01-01T09:00:00Z,http:/buildsys.org/ontologies/BLDG1#BLDG1.CHW.Loop_Chilled_Water_Flow,1086.38,https:/brickschema.org/schema/Brick#Chilled_Water_Flow_Sensor,BLDG1.CHW.Loop Chilled Water Flow,bldg1
2015-01-01T09:15:00Z,http:/buildsys.org/ontologies/BLDG1#BLDG1.CHW.Loop_Chilled_Water_Flow,1073.75,https:/brickschema.org/schema/Brick#Chilled_Water_Flow_Sensor,BLDG1.CHW.Loop Chilled Water Flow,bldg1
2015-01-01T09:30:00Z,http:/buildsys.org/ontologies/BLDG1#BLDG1.CHW.Loop_Chilled_Water_Flow,1072.05,https:/brickschema.org/schema/Brick#Chilled_Water_Flow_Sensor,BLDG1.CHW.Loop Chilled Water Flow,bldg1
2015-01-01T09:45:00Z,http:/buildsys.org/ontologies/BLDG1#BLDG1.CHW.Loop_Chilled_Water_Flow,1000.59,https:/brickschema.org/schema/Brick#Chilled_Water_Flow_Sensor,BLDG1.CHW.Loop Chilled Water Flow,bldg1
2015-01-01T10:00:00Z,http:/buildsys.org/ontologies/BLDG1#BLDG1.CHW.Loop_Chilled_Water_Flow,1104.75,https:/brickschema.org/schema/Brick#Chilled_Water_Flow_Sensor,BLDG1.CHW.Loop Chilled Water Flow,bldg1
2015-01-01T10:15:00Z,http:/buildsys.org/ontologies/BLDG1#BLDG1.CHW.Loop_Chilled_Water_Flow,976.42,https:/brickschema.org/schema/Brick#Chilled_Water_Flow_Sensor,BLDG1.CHW.Loop Chilled Water Flow,bldg1
2015-01-01T10:30:00Z,http:/buildsys.org/ontologies/BLDG1#BLDG1.CHW.Loop_Chilled_Water_Flow,1136.76,https:/brickschema.org/schema/Brick#Chilled_Water_Flow_Sensor,BLDG1.CHW.Loop Chilled Water Flow,bldg1
2015-01-01T10:45:00Z,http:/buildsys.org/ontologies/BLDG1#BLDG1.CHW.Loop_Chilled_Water_Flow,842.76,https:/brickschema.org/schema/Brick#Chilled_Water_Flow_Sensor,BLDG1.CHW.Loop Chilled Water Flow,bldg1
2015-01-01T11:00:00Z,http:/buildsys.org/ontologies/BLDG1#BLDG1.CHW.Loop_Chilled_Water_Flow,637.95,https:/brickschema.org/schema/Brick#Chilled_Water_Flow_Sensor,BLDG1.CHW.Loop Chilled Water Flow,bldg1
2015-01-01T11:15:00Z,http:/buildsys.org/ontologies/BLDG1#BLDG1.CHW.Loop_Chilled_Water_Flow,393.92,https:/brickschema.org/schema/Brick#Chilled_Water_Flow_Sensor,BLDG1.CHW.Loop Chilled Water Flow,bldg1
2015-01-01T11:30:00Z,http:/buildsys.org/ontologies/BLDG1#BLDG1.CHW.Loop_Chilled_Water_Flow,529.77,https:/brickschema.org/schema/Brick#Chilled_Water_Flow_Sensor,BLDG1.CHW.Loop Chilled Water Flow,bldg1
2015-01-01T11:45:00Z,http:/buildsys.org/ontologies/BLDG1#BLDG1.CHW.Loop_Chilled_Water_Flow,596.4,https:/brickschema.org/schema/Brick#Chilled_Water_Flow_Sensor,BLDG1.CHW.Loop Chilled Water Flow,bldg1
2015-01-01T12:00:00Z,http:/buildsys.org/ontologies/BLDG1#BLDG1.CHW.Loop_Chilled_Water_Flow,539.98,https:/brickschema.org/schema/Brick#Chilled_Water_Flow_Sensor,BLDG1.CHW.Loop Chilled Water Flow,bldg1
2015-01-01T12:15:00Z,http:/buildsys.org/ontologies/BLDG1#BLDG1.CHW.Loop_Chilled_Water_Flow,494.39,https:/brickschema.org/schema/Brick#Chilled_Water_Flow_Sensor,BLDG1.CHW.Loop Chilled Water Flow,bldg1
2015-01-01T12:30:00Z,http:/buildsys.org/ontologies/BLDG1#BLDG1.CHW.Loop_Chilled_Water_Flow,432.48,https:/brickschema.org/schema/Brick#Chilled_Water_Flow_Sensor,BLDG1.CHW.Loop Chilled Water Flow,bldg1
2015-01-01T12:45:00Z,http:/buildsys.org/ontologies/BLDG1#BLDG1.CHW.Loop_Chilled_Water_Flow,589.39,https:/brickschema.org/schema/Brick#Chilled_Water_Flow_Sensor,BLDG1.CHW.Loop Chilled Water Flow,bldg1
2015-01-01T13:00:00Z,http:/buildsys.org/ontologies/BLDG1#BLDG1.CHW.Loop_Chilled_Water_Flow,574.04,https:/brickschema.org/schema/Brick#Chilled_Water_Flow_Sensor,BLDG1.CHW.Loop Chilled Water Flow,bldg1
2015-01-01T13:15:00Z,http:/buildsys.org/ontologies/BLDG1#BLDG1.CHW.Loop_Chilled_Water_Flow,537.26,https:/brickschema.org/schema/Brick#Chilled_Water_Flow_Sensor,BLDG1.CHW.Loop Chilled Water Flow,bldg1
2015-01-01T13:30:00Z,http:/buildsys.org/ontologies/BLDG1#BLDG1.CHW.Loop_Chilled_Water_Flow,324.54,https:/brickschema.org/schema/Brick#Chilled_Water_Flow_Sensor,BLDG1.CHW.Loop Chilled Water Flow,bldg1
2015-01-01T13:45:00Z,http:/buildsys.org/ontologies/BLDG1#BLDG1.CHW.Loop_Chilled_Water_Flow,473.02,https:/brickschema.org/schema/Brick#Chilled_Water_Flow_Sensor,BLDG1.CHW.Loop Chilled Water Flow,bldg1
2015-01-01T14:00:00Z,http:/buildsys.org/ontologies/BLDG1#BLDG1.CHW.Loop_Chilled_Water_Flow,467.46,https:/brickschema.org/schema/Brick#Chilled_Water_Flow_Sensor,BLDG1.CHW.Loop Chilled Water Flow,bldg1
2015-01-01T14:15:00Z,http:/buildsys.org/ontologies/BLDG1#BLDG1.CHW.Loop_Chilled_Water_Flow,475.12,https:/brickschema.org/schema/Brick#Chilled_Water_Flow_Sensor,BLDG1.CHW.Loop Chilled Water Flow,bldg1
2015-01-01T14:30:00Z,http:/buildsys.org/ontologies/BLDG1#BLDG1.CHW.Loop_Chilled_Water_Flow,439.68,https:/brickschema.org/schema/Brick#Chilled_Water_Flow_Sensor,BLDG1.CHW.Loop Chilled Water Flow,bldg1
2015-01-01T14:45:00Z,http:/buildsys.org/ontologies/BLDG1#BLDG1.CHW.Loop_Chilled_Water_Flow,527.11,https:/brickschema.org/schema/Brick#Chilled_Water_Flow_Sensor,BLDG1.CHW.Loop Chilled Water Flow,bldg1
2015-01-01T15:00:00Z,http:/buildsys.org/ontologies/BLDG1#BLDG1.CHW.Loop_Chilled_Water_Flow,405.98,https:/brickschema.org/schema/Brick#Chilled_Water_Flow_Sensor,BLDG1.CHW.Loop Chilled Water Flow,bldg1
2015-01-01T15:15:00Z,http:/buildsys.org/ontologies/BLDG1#BLDG1.CHW.Loop_Chilled_Water_Flow,553.72,https:/brickschema.org/schema/Brick#Chilled_Water_Flow_Sensor,BLDG1.CHW.Loop Chilled Water Flow,bldg1
2015-01-01T15:30:00Z,http:/buildsys.org/ontologies/BLDG1#BLDG1.CHW.Loop_Chilled_Water_Flow,482.01,https:/brickschema.org/schema/Brick#Chilled_Water_Flow_Sensor,BLDG1.CHW.Loop Chilled Water Flow,bldg1
2015-01-01T15:45:00Z,http:/buildsys.org/ontologies/BLDG1#BLDG1.CHW.Loop_Chilled_Water_Flow,517.38,https:/brickschema.org/schema/Brick#Chilled_Water_Flow_Sensor,BLDG1.CHW.Loop Chilled Water Flow,bldg1
2015-01-01T16:00:00Z,http:/buildsys.org/ontologies/BLDG1#BLDG1.CHW.Loop_Chilled_Water_Flow,437.0,https:/brickschema.org/schema/Brick#Chilled_Water_Flow_Sensor,BLDG1.CHW.Loop Chilled Water Flow,bldg1
2015-01-01T16:15:00Z,http:/buildsys.org/ontologies/BLDG1#BLDG1.CHW.Loop_Chilled_Water_Flow,483.11,https:/brickschema.org/schema/Brick#Chilled_Water_Flow_Sensor,BLDG1.CHW.Loop Chilled Water Flow,bldg1
2015-01-01T16:30:00Z,http:/buildsys.org/ontologies/BLDG1#BLDG1.CHW.Loop_Chilled_Water_Flow,511.79,https:/brickschema.org/schema/Brick#Chilled_Water_Flow_Sensor,BLDG1.CHW.Loop Chilled Water Flow,bldg1
2015-01-01T16:45:00Z,http:/buildsys.org/ontologies/BLDG1#BLDG1.CHW.Loop_Chilled_Water_Flow,414.75,https:/brickschema.org/schema/Brick#Chilled_Water_Flow_Sensor,BLDG1.CHW.Loop Chilled Water Flow,bldg1
2015-01-01T17:00:00Z,http:/buildsys.org/ontologies/BLDG1#BLDG1.CHW.Loop_Chilled_Water_Flow,505.6,https:/brickschema.org/schema/Brick#Chilled_Water_Flow_Sensor,BLDG1.CHW.Loop Chilled Water Flow,bldg1
2015-01-01T17:15:00Z,http:/buildsys.org/ontologies/BLDG1#BLDG1.CHW.Loop_Chilled_Water_Flow,464.83,https:/brickschema.org/schema/Brick#Chilled_Water_Flow_Sensor,BLDG1.CHW.Loop Chilled Water Flow,bldg1
2015-01-01T17:30:00Z,http:/buildsys.org/ontologies/BLDG1#BLDG1.CHW.Loop_Chilled_Water_Flow,540.06,https:/brickschema.org/schema/Brick#Chilled_Water_Flow_Sensor,BLDG1.CHW.Loop Chilled Water Flow,bldg1
2015-01-01T17:45:00Z,http:/buildsys.org/ontologies/BLDG1#BLDG1.CHW.Loop_Chilled_Water_Flow,549.05,https:/brickschema.org/schema/Brick#Chilled_Water_Flow_Sensor,BLDG1.CHW.Loop Chilled Water Flow,bldg1
2015-01-01T18:00:00Z,http:/buildsys.org/ontologies/BLDG1#BLDG1.CHW.Loop_Chilled_Water_Flow,435.14,https:/brickschema.org/schema/Brick#Chilled_Water_Flow_Sensor,BLDG1.CHW.Loop Chilled Water Flow,bldg1
2015-01-01T18:15:00Z,http:/buildsys.org/ontologies/BLDG1#BLDG1.CHW.Loop_Chilled_Water_Flow,561.77,https:/brickschema.org/schema/Brick#Chilled_Water_Flow_Sensor,BLDG1.CHW.Loop Chilled Water Flow,bldg1
2015-01-01T18:30:00Z,http:/buildsys.org/ontologies/BLDG1#BLDG1.CHW.Loop_Chilled_Water_Flow,454.58,https:/brickschema.org/schema/Brick#Chilled_Water_Flow_Sensor,BLDG1.CHW.Loop Chilled Water Flow,bldg1
2015-01-01T18:45:00Z,http:/buildsys.org/ontologies/BLDG1#BLDG1.CHW.Loop_Chilled_Water_Flow,385.83,https:/brickschema.org/schema/Brick#Chilled_Water_Flow_Sensor,BLDG1.CHW.Loop Chilled Water Flow,bldg1
2015-01-01T19:00:00Z,http:/buildsys.org/ontologies/BLDG1#BLDG1.CHW.Loop_Chilled_Water_Flow,461.3,https:/brickschema.org/schema/Brick#Chilled_Water_Flow_Sensor,BLDG1.CHW.Loop Chilled Water Flow,bldg1
2015-01-01T19:15:00Z,http:/buildsys.org/ontologies/BLDG1#BLDG1.CHW.Loop_Chilled_Water_Flow,447.25,https:/brickschema.org/schema/Brick#Chilled_Water_Flow_Sensor,BLDG1.CHW.Loop Chilled Water Flow,bldg1
2015-01-01T19:30:00Z,http:/buildsys.org/ontologies/BLDG1#BLDG1.CHW.Loop_Chilled_Water_Flow,542.0,https:/brickschema.org/schema/Brick#Chilled_Water_Flow_Sensor,BLDG1.CHW.Loop Chilled Water Flow,bldg1
2015-01-01T19:45:00Z,http:/buildsys.org/ontologies/BLDG1#BLDG1.CHW.Loop_Chilled_Water_Flow,541.17,https:/brickschema.org/schema/Brick#Chilled_Water_Flow_Sensor,BLDG1.CHW.Loop Chilled Water Flow,bldg1
2015-01-01T20:00:00Z,http:/buildsys.org/ontologies/BLDG1#BLDG1.CHW.Loop_Chilled_Water_Flow,547.69,https:/brickschema.org/schema/Brick#Chilled_Water_Flow_Sensor,BLDG1.CHW.Loop Chilled Water Flow,bldg1
2015-01-01T20:15:00Z,http:/buildsys.org/ontologies/BLDG1#BLDG1.CHW.Loop_Chilled_Water_Flow,560.64,https:/brickschema.org/schema/Brick#Chilled_Water_Flow_Sensor,BLDG1.CHW.Loop Chilled Water Flow,bldg1
2015-01-01T20:30:00Z,http:/buildsys.org/ontologies/BLDG1#BLDG1.CHW.Loop_Chilled_Water_Flow,411.63,https:/brickschema.org/schema/Brick#Chilled_Water_Flow_Sensor,BLDG1.CHW.Loop Chilled Water Flow,bldg1
2015-01-01T20:45:00Z,http:/buildsys.org/ontologies/BLDG1#BLDG1.CHW.Loop_Chilled_Water_Flow,561.29,https:/brickschema.org/schema/Brick#Chilled_Water_Flow_Sensor,BLDG1.CHW.Loop Chilled Water Flow,bldg1
2015-01-01T21:00:00Z,http:/buildsys.org/ontologies/BLDG1#BLDG1.CHW.Loop_Chilled_Water_Flow,487.33,https:/brickschema.org/schema/Brick#Chilled_Water_Flow_Sensor,BLDG1.CHW.Loop Chilled Water Flow,bldg1
2015-01-01T21:15:00Z,http:/buildsys.org/ontologies/BLDG1#BLDG1.CHW.Loop_Chilled_Water_Flow,545.09,https:/brickschema.org/schema/Brick#Chilled_Water_Flow_Sensor,BLDG1.CHW.Loop Chilled Water Flow,bldg1
2015-01-01T21:30:00Z,http:/buildsys.org/ontologies/BLDG1#BLDG1.CHW.Loop_Chilled_Water_Flow,571.97,https:/brickschema.org/schema/Brick#Chilled_Water_Flow_Sensor,BLDG1.CHW.Loop Chilled Water Flow,bldg1
2015-01-01T21:45:00Z,http:/buildsys.org/ontologies/BLDG1#BLDG1.CHW.Loop_Chilled_Water_Flow,410.21,https:/brickschema.org/schema/Brick#Chilled_Water_Flow_Sensor,BLDG1.CHW.Loop Chilled Water Flow,bldg1
2015-01-01T22:00:00Z,http:/buildsys.org/ontologies/BLDG1#BLDG1.CHW.Loop_Chilled_Water_Flow,332.41,https:/brickschema.org/schema/Brick#Chilled_Water_Flow_Sensor,BLDG1.CHW.Loop Chilled Water Flow,bldg1
2015-01-01T22:15:00Z,http:/buildsys.org/ontologies/BLDG1#BLDG1.CHW.Loop_Chilled_Water_Flow,444.54,https:/brickschema.org/schema/Brick#Chilled_Water_Flow_Sensor,BLDG1.CHW.Loop Chilled Water Flow,bldg1
2015-01-01T22:30:00Z,http:/buildsys.org/ontologies/BLDG1#BLDG1.CHW.Loop_Chilled_Water_Flow,685.74,https:/brickschema.org/schema/Brick#Chilled_Water_Flow_Sensor,BLDG1.CHW.Loop Chilled Water Flow,bldg1
2015-01-01T22:45:00Z,http:/buildsys.org/ontologies/BLDG1#BLDG1.CHW.Loop_Chilled_Water_Flow,827.43,https:/brickschema.org/schema/Brick#Chilled_Water_Flow_Sensor,BLDG1.CHW.Loop Chilled Water Flow,bldg1
2015-01-01T23:00:00Z,http:/buildsys.org/ontologies/BLDG1#BLDG1.CHW.Loop_Chilled_Water_Flow,709.57,https:/brickschema.org/schema/Brick#Chilled_Water_Flow_Sensor,BLDG1.CHW.Loop Chilled Water Flow,bldg1
2015-01-01T23:15:00Z,http:/buildsys.org/ontologies/BLDG1#BLDG1.CHW.Loop_Chilled_Water_Flow,733.9,https:/brickschema.org/schema/Brick#Chilled_Water_Flow_Sensor,BLDG1.CHW.Loop Chilled Water Flow,bldg1
2015-01-01T23:30:00Z,http:/buildsys.org/ontologies/BLDG1#BLDG1.CHW.Loop_Chilled_Water_Flow,908.54,https:/brickschema.org/schema/Brick#Chilled_Water_Flow_Sensor,BLDG1.CHW.Loop Chilled Water Flow,bldg1
2015-01-01T23:45:00Z,http:/buildsys.org/ontologies/BLDG1#BLDG1.CHW.Loop_Chilled_Water_Flow,847.94,https:/brickschema.org/schema/Brick#Chilled_Water_Flow_Sensor,BLDG1.CHW.Loop Chilled Water Flow,bldg1
2015-01-02T00:00:00Z,http:/buildsys.org/ontologies/BLDG1#BLDG1.CHW.Loop_Chilled_Water_Flow,787.87,https:/brickschema.org/schema/Brick#Chilled_Water_Flow_Sensor,BLDG1.CHW.Loop Chilled Water Flow,bldg1
2015-01-02T00:15:00Z,http:/buildsys.org/ontologies/BLDG1#BLDG1.CHW.Loop_Chilled_Water_Flow,1055.37,https:/brickschema.org/schema/Brick#Chilled_Water_Flow_Sensor,BLDG1.CHW.Loop Chilled Water Flow,bldg1
2015-01-02T00:30:00Z,http:/buildsys.org/ontologies/BLDG1#BLDG1.CHW.Loop_Chilled_Water_Flow,961.8,https:/brickschema.org/schema/Brick#Chilled_Water_Flow_Sensor,BLDG1.CHW.Loop Chilled Water Flow,bldg1
2015-01-02T00:45:00Z,http:/buildsys.org/ontologies/BLDG1#BLDG1.CHW.Loop_Chilled_Water_Flow,1176.42,https:/brickschema.org/schema/Brick#Chilled_Water_Flow_Sensor,BLDG1.CHW.Loop Chilled Water Flow,bldg1
2015-01-02T01:00:00Z,http:/buildsys.org/ontologies/BLDG1#BLDG1.CHW.Loop_Chilled_Water_Flow,1129.91,https:/brickschema.org/schema/Brick#Chilled_Water_Flow_Sensor,BLDG1.CHW.Loop Chilled Water Flow,bldg1
2015-01-02T01:15:00Z,http:/buildsys.org/ontologies/BLDG1#BLDG1.CHW.Loop_Chilled_Water_Flow,1131.63,https:/brickschema.org/schema/Brick#Chilled_Water_Flow_Sensor,BLDG1.CHW.Loop Chilled Water Flow,bldg1
2015-01-02T01:30:00Z,http:/buildsys.org/ontologies/BLDG1#BLDG1.CHW.Loop_Chilled_Water_Flow,1061.53,https:/brickschema.org/schema/Brick#Chilled_Water_Flow_Sensor,BLDG1.CHW.Loop Chilled Water Flow,bldg1
2015-01-02T01:45:00Z,http:/buildsys.org/ontologies/BLDG1#BLDG1.CHW.Loop_Chilled_Water_Flow,1123.45,https:/brickschema.org/schema/Brick#Chilled_Water_Flow_Sensor,BLDG1.CHW.Loop Chilled Water Flow,bldg1
2015-01-02T02:00:00Z,http:/buildsys.org/ontologies/BLDG1#BLDG1.CHW.Loop_Chilled_Water_Flow,1340.59,https:/brickschema.org/schema/Brick#Chilled_Water_Flow_Sensor,BLDG1.CHW.Loop Chilled Water Flow,bldg1
2015-01-02T02:15:00Z,http:/buildsys.org/ontologies/BLDG1#BLDG1.CHW.Loop_Chilled_Water_Flow,1079.39,https:/brickschema.org/schema/Brick#Chilled_Water_Flow_Sensor,BLDG1.CHW.Loop Chilled Water Flow,bldg1
2015-01-02T02:30:00Z,http:/buildsys.org/ontologies/BLDG1#BLDG1.CHW.Loop_Chilled_Water_Flow,1121.88,https:/brickschema.org/schema/Brick#Chilled_Water_Flow_Sensor,BLDG1.CHW.Loop Chilled Water Flow,bldg1
2015-01-02T02:45:00Z,http:/buildsys.org/ontologies/BLDG1#BLDG1.CHW.Loop_Chilled_Water_Flow,1069.14,https:/brickschema.org/schema/Brick#Chilled_Water_Flow_Sensor,BLDG1.CHW.Loop Chilled Water Flow,bldg1
2015-01-02T03:00:00Z,http:/buildsys.org/ontologies/BLDG1#BLDG1.CHW.Loop_Chilled_Water_Flow,1104.73,https:/brickschema.org/schema/Brick#Chilled_Water_Flow_Sensor,BLDG1.CHW.Loop Chilled Water Flow,bldg1
2015-01-02T03:15:00Z,http:/buildsys.org/ontologies/BLDG1#BLDG1.CHW.Loop_Chilled_Water_Flow,1107.35,https:/brickschema.org/schema/Brick#Chilled_Water_Flow_Sensor,BLDG1.CHW.Loop Chilled Water Flow,bldg1
2015-01-02T03:30:00Z,http:/buildsys.org/ontologies/BLDG1#BLDG1.CHW.Loop_Chilled_Water_Flow,1022.85,https:/brickschema.org/schema/Brick#Chilled_Water_Flow_Sensor,BLDG1.CHW.Loop Chilled Water Flow,bldg1
2015-01-02T03:45:00Z,http:/buildsys.org/ontologies/BLDG1#BLDG1.CHW.Loop_Chilled_Water_Flow,1239.85,https:/brickschema.org/schema/Brick#Chilled_Water_Flow_Sensor,BLDG1.CHW.Loop Chilled Water Flow,bldg1
2015-01-02T04:00:00Z,http:/buildsys.org/ontologies/BLDG1#BLDG1.CHW.Loop_Chilled_Water_Flow,1137.9,https:/brickschema.org/schema/Brick#Chilled_Water_Flow_Sensor,BLDG1.CHW.Loop Chilled Water Flow,bldg1
2015-01-02T04:15:00Z,http:/buildsys.org/ontologies/BLDG1#BLDG1.CHW.Loop_Chilled_Water_Flow,992.78,https:/brickschema.org/schema/Brick#Chilled_Water_Flow_Sensor,BLDG1.CHW.Loop Chilled Water Flow,bldg1
2015-01-02T04:30:00Z,http:/buildsys.org/ontologies/BLDG1#BLDG1.CHW.Loop_Chilled_Water_Flow,1049.31,https:/brickschema.org/schema/Brick#Chilled_Water_Flow_Sensor,BLDG1.CHW.Loop Chilled Water Flow,bldg1
2015-01-02T04:45:00Z,http:/buildsys.org/ontologies/BLDG1#BLDG1.CHW.Loop_Chilled_Water_Flow,1071.8,https:/brickschema.org/schema/Brick#Chilled_Water_Flow_Sensor,BLDG1.CHW.Loop Chilled Water Flow,bldg1
2015-01-02T05:00:00Z,http:/buildsys.org/ontologies/BLDG1#BLDG1.CHW.Loop_Chilled_Water_Flow,1154.15,https:/brickschema.org/schema/Brick#Chilled_Water_Flow_Sensor,BLDG1.CHW.Loop Chilled Water Flow,bldg1
2015-01-02T05:15:00Z,http:/buildsys.org/ontologies/BLDG1#BLDG1.CHW.Loop_Chilled_Water_Flow,1073.83,https:/brickschema.org/schema/Brick#Chilled_Water_Flow_Sensor,BLDG1.CHW.Loop Chilled Water Flow,bldg1
2015-01-02T05:30:00Z,http:/buildsys.org/ontologies/BLDG1#BLDG1.CHW.Loop_Chilled_Water_Flow,1124.29,https:/brickschema.org/schema/Brick#Chilled_Water_Flow_Sensor,BLDG1.CHW.Loop Chilled Water Flow,bldg1
2015-01-02T05:45:00Z,http:/buildsys.org/ontologies/BLDG1#BLDG1.CHW.Loop_Chilled_Water_Flow,1065.46,https:/brickschema.org/schema/Brick#Chilled_Water_Flow_Sensor,BLDG1.CHW.Loop Chilled Water Flow,bldg1
2015-01-02T06:00:00Z,http:/buildsys.org/ontologies/BLDG1#BLDG1.CHW.Loop_Chilled_Water_Flow,1137.78,https:/brickschema.org/schema/Brick#Chilled_Water_Flow_Sensor,BLDG1.CHW.Loop Chilled Water Flow,bldg1
2015-01-02T06:15:00Z,http:/buildsys.org/ontologies/BLDG1#BLDG1.CHW.Loop_Chilled_Water_Flow,1022.01,https:/brickschema.org/schema/Brick#Chilled_Water_Flow_Sensor,BLDG1.CHW.Loop Chilled Water Flow,bldg1
2015-01-02T06:30:00Z,http:/buildsys.org/ontologies/BLDG1#BLDG1.CHW.Loop_Chilled_Water_Flow,1075.32,https:/brickschema.org/schema/Brick#Chilled_Water_Flow_Sensor,BLDG1.CHW.Loop Chilled Water Flow,bldg1
2015-01-02T06:45:00Z,http:/buildsys.org/ontologies/BLDG1#BLDG1.CHW.Loop_Chilled_Water_Flow,1093.21,https:/brickschema.org/schema/Brick#Chilled_Water_Flow_Sensor,BLDG1.CHW.Loop Chilled Water Flow,bldg1
2015-01-02T07:00:00Z,http:/buildsys.org/ontologies/BLDG1#BLDG1.CHW.Loop_Chilled_Water_Flow,1186.66,https:/brickschema.org/schema/Brick#Chilled_Water_Flow_Sensor,BLDG1.CHW.Loop Chilled Water Flow,bldg1
2015-01-02T07:15:00Z,http:/buildsys.org/ontologies/BLDG1#BLDG1.CHW.Loop_Chilled_Water_Flow,1088.55,https:/brickschema.org/schema/Brick#Chilled_Water_Flow_Sensor,BLDG1.CHW.Loop Chilled Water Flow,bldg1
2015-01-02T07:30:00Z,http:/buildsys.org/ontologies/BLDG1#BLDG1.CHW.Loop_Chilled_Water_Flow,925.04,https:/brickschema.org/schema/Brick#Chilled_Water_Flow_Sensor,BLDG1.CHW.Loop Chilled Water Flow,bldg1
2015-01-02T07:45:00Z,http:/buildsys.org/ontologies/BLDG1#BLDG1.CHW.Loop_Chilled_Water_Flow,1024.7,https:/brickschema.org/schema/Brick#Chilled_Water_Flow_Sensor,BLDG1.CHW.Loop Chilled Water Flow,bldg1
2015-01-02T08:00:00Z,http:/buildsys.org/ontologies/BLDG1#BLDG1.CHW.Loop_Chilled_Water_Flow,1152.02,https:/brickschema.org/schema/Brick#Chilled_Water_Flow_Sensor,BLDG1.CHW.Loop Chilled Water Flow,bldg1
2015-01-02T08:15:00Z,http:/buildsys.org/ontologies/BLDG1#BLDG1.CHW.Loop_Chilled_Water_Flow,1023.14,https:/brickschema.org/schema/Brick#Chilled_Water_Flow_Sensor,BLDG1.CHW.Loop Chilled Water Flow,bldg1
2015-01-02T08:30:00Z,http:/buildsys.org/ontologies/BLDG1#BLDG1.CHW.Loop_Chilled_Water_Flow,963.35,https:/brickschema.org/schema/Brick#Chilled_Water_Flow_Sensor,BLDG1.CHW.Loop Chilled Water Flow,bldg1
2015-01-02T08:45:00Z,http:/buildsys.org/ontologies/BLDG1#BLDG1.CHW.Loop_Chilled_Water_Flow,1025.75,https:/brickschema.org/schema/Brick#Chilled_Water_Flow_Sensor,BLDG1.CHW.Loop Chilled Water Flow,bldg1
2015-01-02T09:00:00Z,http:/buildsys.org/ontologies/BLDG1#BLDG1.CHW.Loop_Chilled_Water_Flow,1133.79,https:/brickschema.org/schema/Brick#Chilled_Water_Flow_Sensor,BLDG1.CHW.Loop Chilled Water Flow,bldg1
2015-01-02T09:15:00Z,http:/buildsys.org/ontologies/BLDG1#BLDG1.CHW.Loop_Chilled_Water_Flow,1131.78,https:/brickschema.org/schema/Brick#Chilled_Water_Flow_Sensor,BLDG1.CHW.Loop Chilled Water Flow,bldg1
2015-01-02T09:30:00Z,http:/buildsys.org/ontologies/BLDG1#BLDG1.CHW.Loop_Chilled_Water_Flow,1028.3,https:/brickschema.org/schema/Brick#Chilled_Water_Flow_Sensor,BLDG1.CHW.Loop Chilled Water Flow,bldg1
2015-01-02T09:45:00Z,http:/buildsys.org/ontologies/BLDG1#BLDG1.CHW.Loop_Chilled_Water_Flow,1109.54,https:/brickschema.org/schema/Brick#Chilled_Water_Flow_Sensor,BLDG1.CHW.Loop Chilled Water Flow,bldg1
2015-01-02T10:00:00Z,http:/buildsys.org/ontologies/BLDG1#BLDG1.CHW.Loop_Chilled_Water_Flow,1108.69,https:/brickschema.org/schema/Brick#Chilled_Water_Flow_Sensor,BLDG1.CHW.Loop Chilled Water Flow,bldg1
2015-01-02T10:15:00Z,http:/buildsys.org/ontologies/BLDG1#BLDG1.CHW.Loop_Chilled_Water_Flow,862.98,https:/brickschema.org/schema/Brick#Chilled_Water_Flow_Sensor,BLDG1.CHW.Loop Chilled Water Flow,bldg1
2015-01-02T10:30:00Z,http:/buildsys.org/ontologies/BLDG1#BLDG1.CHW.Loop_Chilled_Water_Flow,560.66,https:/brickschema.org/schema/Brick#Chilled_Water_Flow_Sensor,BLDG1.CHW.Loop Chilled Water Flow,bldg1
2015-01-02T10:45:00Z,http:/buildsys.org/ontologies/BLDG1#BLDG1.CHW.Loop_Chilled_Water_Flow,575.85,https:/brickschema.org/schema/Brick#Chilled_Water_Flow_Sensor,BLDG1.CHW.Loop Chilled Water Flow,bldg1
2015-01-02T11:00:00Z,http:/buildsys.org/ontologies/BLDG1#BLDG1.CHW.Loop_Chilled_Water_Flow,609.47,https:/brickschema.org/schema/Brick#Chilled_Water_Flow_Sensor,BLDG1.CHW.Loop Chilled Water Flow,bldg1
2015-01-02T11:15:00Z,http:/buildsys.org/ontologies/BLDG1#BLDG1.CHW.Loop_Chilled_Water_Flow,618.66,https:/brickschema.org/schema/Brick#Chilled_Water_Flow_Sensor,BLDG1.CHW.Loop Chilled Water Flow,bldg1
2015-01-02T11:30:00Z,http:/buildsys.org/ontologies/BLDG1#BLDG1.CHW.Loop_Chilled_Water_Flow,681.63,https:/brickschema.org/schema/Brick#Chilled_Water_Flow_Sensor,BLDG1.CHW.Loop Chilled Water Flow,bldg1
2015-01-02T11:45:00Z,http:/buildsys.org/ontologies/BLDG1#BLDG1.CHW.Loop_Chilled_Water_Flow,634.48,https:/brickschema.org/schema/Brick#Chilled_Water_Flow_Sensor,BLDG1.CHW.Loop Chilled Water Flow,bldg1
2015-01-02T12:00:00Z,http:/buildsys.org/ontologies/BLDG1#BLDG1.CHW.Loop_Chilled_Water_Flow,683.16,https:/brickschema.org/schema/Brick#Chilled_Water_Flow_Sensor,BLDG1.CHW.Loop Chilled Water Flow,bldg1
2015-01-02T12:15:00Z,http:/buildsys.org/ontologies/BLDG1#BLDG1.CHW.Loop_Chilled_Water_Flow,626.53,https:/brickschema.org/schema/Brick#Chilled_Water_Flow_Sensor,BLDG1.CHW.Loop Chilled Water Flow,bldg1
2015-01-02T12:30:00Z,http:/buildsys.org/ontologies/BLDG1#BLDG1.CHW.Loop_Chilled_Water_Flow,655.61,https:/brickschema.org/schema/Brick#Chilled_Water_Flow_Sensor,BLDG1.CHW.Loop Chilled Water Flow,bldg1
2015-01-02T12:45:00Z,http:/buildsys.org/ontologies/BLDG1#BLDG1.CHW.Loop_Chilled_Water_Flow,598.9,https:/brickschema.org/schema/Brick#Chilled_Water_Flow_Sensor,BLDG1.CHW.Loop Chilled Water Flow,bldg1
2015-01-02T13:00:00Z,http:/buildsys.org/ontologies/BLDG1#BLDG1.CHW.Loop_Chilled_Water_Flow,508.92,https:/brickschema.org/schema/Brick#Chilled_Water_Flow_Sensor,BLDG1.CHW.Loop Chilled Water Flow,bldg1
2015-01-02T13:15:00Z,http:/buildsys.org/ontologies/BLDG1#BLDG1.CHW.Loop_Chilled_Water_Flow,416.06,https:/brickschema.org/schema/Brick#Chilled_Water_Flow_Sensor,BLDG1.CHW.Loop Chilled Water Flow,bldg1
2015-01-02T13:30:00Z,http:/buildsys.org/ontologies/BLDG1#BLDG1.CHW.Loop_Chilled_Water_Flow,671.16,https:/brickschema.org/schema/Brick#Chilled_Water_Flow_Sensor,BLDG1.CHW.Loop Chilled Water Flow,bldg1
2015-01-02T13:45:00Z,http:/buildsys.org/ontologies/BLDG1#BLDG1.CHW.Loop_Chilled_Water_Flow,707.54,https:/brickschema.org/schema/Brick#Chilled_Water_Flow_Sensor,BLDG1.CHW.Loop Chilled Water Flow,bldg1
2015-01-02T14:00:00Z,http:/buildsys.org/ontologies/BLDG1#BLDG1.CHW.Loop_Chilled_Water_Flow,569.12,https:/brickschema.org/schema/Brick#Chilled_Water_Flow_Sensor,BLDG1.CHW.Loop Chilled Water Flow,bldg1
2015-01-02T14:15:00Z,http:/buildsys.org/ontologies/BLDG1#BLDG1.CHW.Loop_Chilled_Water_Flow,636.79,https:/brickschema.org/schema/Brick#Chilled_Water_Flow_Sensor,BLDG1.CHW.Loop Chilled Water Flow,bldg1
2015-01-02T14:30:00Z,http:/buildsys.org/ontologies/BLDG1#BLDG1.CHW.Loop_Chilled_Water_Flow,626.96,https:/brickschema.org/schema/Brick#Chilled_Water_Flow_Sensor,BLDG1.CHW.Loop Chilled Water Flow,bldg1
2015-01-02T14:45:00Z,http:/buildsys.org/ontologies/BLDG1#BLDG1.CHW.Loop_Chilled_Water_Flow,611.96,https:/brickschema.org/schema/Brick#Chilled_Water_Flow_Sensor,BLDG1.CHW.Loop Chilled Water Flow,bldg1
2015-01-02T15:00:00Z,http:/buildsys.org/ontologies/BLDG1#BLDG1.CHW.Loop_Chilled_Water_Flow,609.06,https:/brickschema.org/schema/Brick#Chilled_Water_Flow_Sensor,BLDG1.CHW.Loop Chilled Water Flow,bldg1
2015-01-02T15:15:00Z,http:/buildsys.org/ontologies/BLDG1#BLDG1.CHW.Loop_Chilled_Water_Flow,651.69,https:/brickschema.org/schema/Brick#Chilled_Water_Flow_Sensor,BLDG1.CHW.Loop Chilled Water Flow,bldg1
2015-01-02T15:30:00Z,http:/buildsys.org/ontologies/BLDG1#BLDG1.CHW.Loop_Chilled_Water_Flow,629.16,https:/brickschema.org/schema/Brick#Chilled_Water_Flow_Sensor,BLDG1.CHW.Loop Chilled Water Flow,bldg1
2015-01-02T15:45:00Z,http:/buildsys.org/ontologies/BLDG1#BLDG1.CHW.Loop_Chilled_Water_Flow,629.42,https:/brickschema.org/schema/Brick#Chilled_Water_Flow_Sensor,BLDG1.CHW.Loop Chilled Water Flow,bldg1
2015-01-02T16:00:00Z,http:/buildsys.org/ontologies/BLDG1#BLDG1.CHW.Loop_Chilled_Water_Flow,459.09,https:/brickschema.org/schema/Brick#Chilled_Water_Flow_Sensor,BLDG1.CHW.Loop Chilled Water Flow,bldg1
2015-01-02T16:15:00Z,http:/buildsys.org/ontologies/BLDG1#BLDG1.CHW.Loop_Chilled_Water_Flow,640.64,https:/brickschema.org/schema/Brick#Chilled_Water_Flow_Sensor,BLDG1.CHW.Loop Chilled Water Flow,bldg1
2015-01-02T16:30:00Z,http:/buildsys.org/ontologies/BLDG1#BLDG1.CHW.Loop_Chilled_Water_Flow,537.46,https:/brickschema.org/schema/Brick#Chilled_Water_Flow_Sensor,BLDG1.CHW.Loop Chilled Water Flow,bldg1
2015-01-02T16:45:00Z,http:/buildsys.org/ontologies/BLDG1#BLDG1.CHW.Loop_Chilled_Water_Flow,508.48,https:/brickschema.org/schema/Brick#Chilled_Water_Flow_Sensor,BLDG1.CHW.Loop Chilled Water Flow,bldg1
2015-01-02T17:00:00Z,http:/buildsys.org/ontologies/BLDG1#BLDG1.CHW.Loop_Chilled_Water_Flow,618.87,https:/brickschema.org/schema/Brick#Chilled_Water_Flow_Sensor,BLDG1.CHW.Loop Chilled Water Flow,bldg1
2015-01-02T17:15:00Z,http:/buildsys.org/ontologies/BLDG1#BLDG1.CHW.Loop_Chilled_Water_Flow,558.03,https:/brickschema.org/schema/Brick#Chilled_Water_Flow_Sensor,BLDG1.CHW.Loop Chilled Water Flow,bldg1
2015-01-02T17:30:00Z,http:/buildsys.org/ontologies/BLDG1#BLDG1.CHW.Loop_Chilled_Water_Flow,522.49,https:/brickschema.org/schema/Brick#Chilled_Water_Flow_Sensor,BLDG1.CHW.Loop Chilled Water Flow,bldg1
2015-01-02T17:45:00Z,http:/buildsys.org/ontologies/BLDG1#BLDG1.CHW.Loop_Chilled_Water_Flow,551.68,https:/brickschema.org/schema/Brick#Chilled_Water_Flow_Sensor,BLDG1.CHW.Loop Chilled Water Flow,bldg1
2015-01-02T18:00:00Z,http:/buildsys.org/ontologies/BLDG1#BLDG1.CHW.Loop_Chilled_Water_Flow,600.12,https:/brickschema.org/schema/Brick#Chilled_Water_Flow_Sensor,BLDG1.CHW.Loop Chilled Water Flow,bldg1
2015-01-02T18:15:00Z,http:/buildsys.org/ontologies/BLDG1#BLDG1.CHW.Loop_Chilled_Water_Flow,579.34,https:/brickschema.org/schema/Brick#Chilled_Water_Flow_Sensor,BLDG1.CHW.Loop Chilled Water Flow,bldg1
2015-01-02T18:30:00Z,http:/buildsys.org/ontologies/BLDG1#BLDG1.CHW.Loop_Chilled_Water_Flow,659.97,https:/brickschema.org/schema/Brick#Chilled_Water_Flow_Sensor,BLDG1.CHW.Loop Chilled Water Flow,bldg1
2015-01-02T18:45:00Z,http:/buildsys.org/ontologies/BLDG1#BLDG1.CHW.Loop_Chilled_Water_Flow,569.7,https:/brickschema.org/schema/Brick#Chilled_Water_Flow_Sensor,BLDG1.CHW.Loop Chilled Water Flow,bldg1
2015-01-02T19:00:00Z,http:/buildsys.org/ontologies/BLDG1#BLDG1.CHW.Loop_Chilled_Water_Flow,663.88,https:/brickschema.org/schema/Brick#Chilled_Water_Flow_Sensor,BLDG1.CHW.Loop Chilled Water Flow,bldg1
2015-01-02T19:15:00Z,http:/buildsys.org/ontologies/BLDG1#BLDG1.CHW.Loop_Chilled_Water_Flow,663.27,https:/brickschema.org/schema/Brick#Chilled_Water_Flow_Sensor,BLDG1.CHW.Loop Chilled Water Flow,bldg1
2015-01-02T19:30:00Z,http:/buildsys.org/ontologies/BLDG1#BLDG1.CHW.Loop_Chilled_Water_Flow,624.54,https:/brickschema.org/schema/Brick#Chilled_Water_Flow_Sensor,BLDG1.CHW.Loop Chilled Water Flow,bldg1
2015-01-02T19:45:00Z,http:/buildsys.org/ontologies/BLDG1#BLDG1.CHW.Loop_Chilled_Water_Flow,665.35,https:/brickschema.org/schema/Brick#Chilled_Water_Flow_Sensor,BLDG1.CHW.Loop Chilled Water Flow,bldg1
2015-01-02T20:00:00Z,http:/buildsys.org/ontologies/BLDG1#BLDG1.CHW.Loop_Chilled_Water_Flow,634.16,https:/brickschema.org/schema/Brick#Chilled_Water_Flow_Sensor,BLDG1.CHW.Loop Chilled Water Flow,bldg1
2015-01-02T20:15:00Z,http:/buildsys.org/ontologies/BLDG1#BLDG1.CHW.Loop_Chilled_Water_Flow,536.56,https:/brickschema.org/schema/Brick#Chilled_Water_Flow_Sensor,BLDG1.CHW.Loop Chilled Water Flow,bldg1
2015-01-02T20:30:00Z,http:/buildsys.org/ontologies/BLDG1#BLDG1.CHW.Loop_Chilled_Water_Flow,615.76,https:/brickschema.org/schema/Brick#Chilled_Water_Flow_Sensor,BLDG1.CHW.Loop Chilled Water Flow,bldg1
2015-01-02T20:45:00Z,http:/buildsys.org/ontologies/BLDG1#BLDG1.CHW.Loop_Chilled_Water_Flow,682.42,https:/brickschema.org/schema/Brick#Chilled_Water_Flow_Sensor,BLDG1.CHW.Loop Chilled Water Flow,bldg1
2015-01-02T21:00:00Z,http:/buildsys.org/ontologies/BLDG1#BLDG1.CHW.Loop_Chilled_Water_Flow,635.36,https:/brickschema.org/schema/Brick#Chilled_Water_Flow_Sensor,BLDG1.CHW.Loop Chilled Water Flow,bldg1
2015-01-02T21:15:00Z,http:/buildsys.org/ontologies/BLDG1#BLDG1.CHW.Loop_Chilled_Water_Flow,610.72,https:/brickschema.org/schema/Brick#Chilled_Water_Flow_Sensor,BLDG1.CHW.Loop Chilled Water Flow,bldg1
2015-01-02T21:30:00Z,http:/buildsys.org/ontologies/BLDG1#BLDG1.CHW.Loop_Chilled_Water_Flow,260.13,https:/brickschema.org/schema/Brick#Chilled_Water_Flow_Sensor,BLDG1.CHW.Loop Chilled Water Flow,bldg1
2015-01-02T21:45:00Z,http:/buildsys.org/ontologies/BLDG1#BLDG1.CHW.Loop_Chilled_Water_Flow,614.58,https:/brickschema.org/schema/Brick#Chilled_Water_Flow_Sensor,BLDG1.CHW.Loop Chilled Water Flow,bldg1
2015-01-02T22:00:00Z,http:/buildsys.org/ontologies/BLDG1#BLDG1.CHW.Loop_Chilled_Water_Flow,582.7,https:/brickschema.org/schema/Brick#Chilled_Water_Flow_Sensor,BLDG1.CHW.Loop Chilled Water Flow,bldg1
2015-01-02T22:15:00Z,http:/buildsys.org/ontologies/BLDG1#BLDG1.CHW.Loop_Chilled_Water_Flow,495.9,https:/brickschema.org/schema/Brick#Chilled_Water_Flow_Sensor,BLDG1.CHW.Loop Chilled Water Flow,bldg1
2015-01-02T22:30:00Z,http:/buildsys.org/ontologies/BLDG1#BLDG1.CHW.Loop_Chilled_Water_Flow,552.98,https:/brickschema.org/schema/Brick#Chilled_Water_Flow_Sensor,BLDG1.CHW.Loop Chilled Water Flow,bldg1
2015-01-02T22:45:00Z,http:/buildsys.org/ontologies/BLDG1#BLDG1.CHW.Loop_Chilled_Water_Flow,527.14,https:/brickschema.org/schema/Brick#Chilled_Water_Flow_Sensor,BLDG1.CHW.Loop Chilled Water Flow,bldg1
2015-01-02T23:00:00Z,http:/buildsys.org/ontologies/BLDG1#BLDG1.CHW.Loop_Chilled_Water_Flow,524.63,https:/brickschema.org/schema/Brick#Chilled_Water_Flow_Sensor,BLDG1.CHW.Loop Chilled Water Flow,bldg1
2015-01-02T23:15:00Z,http:/buildsys.org/ontologies/BLDG1#BLDG1.CHW.Loop_Chilled_Water_Flow,593.55,https:/brickschema.org/schema/Brick#Chilled_Water_Flow_Sensor,BLDG1.CHW.Loop Chilled Water Flow,bldg1
2015-01-02T23:30:00Z,http:/buildsys.org/ontologies/BLDG1#BLDG1.CHW.Loop_Chilled_Water_Flow,539.26,https:/brickschema.org/schema/Brick#Chilled_Water_Flow_Sensor,BLDG1.CHW.Loop Chilled Water Flow,bldg1
2015-01-02T23:45:00Z,http:/buildsys.org/ontologies/BLDG1#BLDG1.CHW.Loop_Chilled_Water_Flow,562.95,https:/brickschema.org/schema/Brick#Chilled_Water_Flow_Sensor,BLDG1.CHW.Loop Chilled Water Flow,bldg1
