time,id,value,type,label,site
2015-01-01T00:00:00Z,http://buildsys.org/ontologies/BLDG1#BLDG1.ZONE.AHU04A.RM343A_LAB.Zone_Reheat_Valve_Command,20.0,https://brickschema.org/schema/Brick#Reheat_Valve_Command,BLDG1.ZONE.AHU04A.RM343A_LAB.Zone Reheat Valve Command,bldg1
2015-01-01T00:15:00Z,http://buildsys.org/ontologies/BLDG1#BLDG1.ZONE.AHU04A.RM343A_LAB.Zone_Reheat_Valve_Command,48.8,https://brickschema.org/schema/Brick#Reheat_Valve_Command,BLDG1.ZONE.AHU04A.RM343A_LAB.Zone Reheat Valve Command,bldg1
2015-01-01T00:30:00Z,http://buildsys.org/ontologies/BLDG1#BLDG1.ZONE.AHU04A.RM343A_LAB.Zone_Reheat_Valve_Command,82.8,https://brickschema.org/schema/Brick#Reheat_Valve_Command,BLDG1.ZONE.AHU04A.RM343A_LAB.Zone Reheat Valve Command,bldg1
2015-01-01T00:45:00Z,http://buildsys.org/ontologies/BLDG1#BLDG1.ZONE.AHU04A.RM343A_LAB.Zone_Reheat_Valve_Command,100.0,https://brickschema.org/schema/Brick#Reheat_Valve_Command,BLDG1.ZONE.AHU04A.RM343A_LAB.Zone Reheat Valve Command,bldg1
2015-01-01T01:00:00Z,http://buildsys.org/ontologies/BLDG1#BLDG1.ZONE.AHU04A.RM343A_LAB.Zone_Reheat_Valve_Command,100.0,https://brickschema.org/schema/Brick#Reheat_Valve_Command,BLDG1.ZONE.AHU04A.RM343A_LAB.Zone Reheat Valve Command,bldg1
2015-01-01T01:15:00Z,http://buildsys.org/ontologies/BLDG1#BLDG1.ZONE.AHU04A.RM343A_LAB.Zone_Reheat_Valve_Command,98.0,https://brickschema.org/schema/Brick#Reheat_Valve_Command,BLDG1.ZONE.AHU04A.RM343A_LAB.Zone Reheat Valve Command,bldg1
2015-01-01T01:30:00Z,http://buildsys.org/ontologies/BLDG1#BLDG1.ZONE.AHU04A.RM343A_LAB.Zone_Reheat_Valve_Command,98.0,https://brickschema.org/schema/Brick#Reheat_Valve_Command,BLDG1.ZONE.AHU04A.RM343A_LAB.Zone Reheat Valve Command,bldg1
2015-01-01T01:45:00Z,http://buildsys.org/ontologies/BLDG1#BLDG1.ZONE.AHU04A.RM343A_LAB.Zone_Reheat_Valve_Command,88.0,https://brickschema.org/schema/Brick#Reheat_Valve_Command,BLDG1.ZONE.AHU04A.RM343A_LAB.Zone Reheat Valve Command,bldg1
2015-01-01T02:00:00Z,http://buildsys.org/ontologies/BLDG1#BLDG1.ZONE.AHU04A.RM343A_LAB.Zone_Reheat_Valve_Command,74.8,https://brickschema.org/schema/Brick#Reheat_Valve_Command,BLDG1.ZONE.AHU04A.RM343A_LAB.Zone Reheat Valve Command,bldg1
2015-01-01T02:15:00Z,http://buildsys.org/ontologies/BLDG1#BLDG1.ZONE.AHU04A.RM343A_LAB.Zone_Reheat_Valve_Command,60.0,https://brickschema.org/schema/Brick#Reheat_Valve_Command,BLDG1.ZONE.AHU04A.RM343A_LAB.Zone Reheat Valve Command,bldg1
2015-01-01T02:30:00Z,http://buildsys.org/ontologies/BLDG1#BLDG1.ZONE.AHU04A.RM343A_LAB.Zone_Reheat_Valve_Command,48.0,https://brickschema.org/schema/Brick#Reheat_Valve_Command,BLDG1.ZONE.AHU04A.RM343A_LAB.Zone Reheat Valve Command,bldg1
2015-01-01T02:45:00Z,http://buildsys.org/ontologies/BLDG1#BLDG1.ZONE.AHU04A.RM343A_LAB.Zone_Reheat_Valve_Command,48.0,https://brickschema.org/schema/Brick#Reheat_Valve_Command,BLDG1.ZONE.AHU04A.RM343A_LAB.Zone Reheat Valve Command,bldg1
2015-01-01T03:00:00Z,http://buildsys.org/ontologies/BLDG1#BLDG1.ZONE.AHU04A.RM343A_LAB.Zone_Reheat_Valve_Command,52.8,https://brickschema.org/schema/Brick#Reheat_Valve_Command,BLDG1.ZONE.AHU04A.RM343A_LAB.Zone Reheat Valve Command,bldg1
2015-01-01T03:15:00Z,http://buildsys.org/ontologies/BLDG1#BLDG1.ZONE.AHU04A.RM343A_LAB.Zone_Reheat_Valve_Command,56.0,https://brickschema.org/schema/Brick#Reheat_Valve_Command,BLDG1.ZONE.AHU04A.RM343A_LAB.Zone Reheat Valve Command,bldg1
2015-01-01T03:30:00Z,http://buildsys.org/ontologies/BLDG1#BLDG1.ZONE.AHU04A.RM343A_LAB.Zone_Reheat_Valve_Command,48.8,https://brickschema.org/schema/Brick#Reheat_Valve_Command,BLDG1.ZONE.AHU04A.RM343A_LAB.Zone Reheat Valve Command,bldg1
2015-01-01T03:45:00Z,http://buildsys.org/ontologies/BLDG1#BLDG1.ZONE.AHU04A.RM343A_LAB.Zone_Reheat_Valve_Command,0.0,https://brickschema.org/schema/Brick#Reheat_Valve_Command,BLDG1.ZONE.AHU04A.RM343A_LAB.Zone Reheat Valve Command,bldg1
2015-01-01T04:00:00Z,http://buildsys.org/ontologies/BLDG1#BLDG1.ZONE.AHU04A.RM343A_LAB.Zone_Reheat_Valve_Command,48.8,https://brickschema.org/schema/Brick#Reheat_Valve_Command,BLDG1.ZONE.AHU04A.RM343A_LAB.Zone Reheat Valve Command,bldg1
2015-01-01T04:15:00Z,http://buildsys.org/ontologies/BLDG1#BLDG1.ZONE.AHU04A.RM343A_LAB.Zone_Reheat_Valve_Command,44.8,https://brickschema.org/schema/Brick#Reheat_Valve_Command,BLDG1.ZONE.AHU04A.RM343A_LAB.Zone Reheat Valve Command,bldg1
2015-01-01T04:30:00Z,http://buildsys.org/ontologies/BLDG1#BLDG1.ZONE.AHU04A.RM343A_LAB.Zone_Reheat_Valve_Command,36.8,https://brickschema.org/schema/Brick#Reheat_Valve_Command,BLDG1.ZONE.AHU04A.RM343A_LAB.Zone Reheat Valve Command,bldg1
2015-01-01T04:45:00Z,http://buildsys.org/ontologies/BLDG1#BLDG1.ZONE.AHU04A.RM343A_LAB.Zone_Reheat_Valve_Command,24.8,https://brickschema.org/schema/Brick#Reheat_Valve_Command,BLDG1.ZONE.AHU04A.RM343A_LAB.Zone Reheat Valve Command,bldg1
2015-01-01T05:00:00Z,http://buildsys.org/ontologies/BLDG1#BLDG1.ZONE.AHU04A.RM343A_LAB.Zone_Reheat_Valve_Command,24.0,https://brickschema.org/schema/Brick#Reheat_Valve_Command,BLDG1.ZONE.AHU04A.RM343A_LAB.Zone Reheat Valve Command,bldg1
2015-01-01T05:15:00Z,http://buildsys.org/ontologies/BLDG1#BLDG1.ZONE.AHU04A.RM343A_LAB.Zone_Reheat_Valve_Command,38.0,https://brickschema.org/schema/Brick#Reheat_Valve_Command,BLDG1.ZONE.AHU04A.RM343A_LAB.Zone Reheat Valve Command,bldg1
2015-01-01T05:30:00Z,http://buildsys.org/ontologies/BLDG1#BLDG1.ZONE.AHU04A.RM343A_LAB.Zone_Reheat_Valve_Command,58.8,https://brickschema.org/schema/Brick#Reheat_Valve_Command,BLDG1.ZONE.AHU04A.RM343A_LAB.Zone Reheat Valve Command,bldg1
2015-01-01T05:45:00Z,http://buildsys.org/ontologies/BLDG1#BLDG1.ZONE.AHU04A.RM343A_LAB.Zone_Reheat_Valve_Command,78.0,https://brickschema.org/schema/Brick#Reheat_Valve_Command,BLDG1.ZONE.AHU04A.RM343A_LAB.Zone Reheat Valve Command,bldg1
2015-01-01T06:00:00Z,http://buildsys.org/ontologies/BLDG1#BLDG1.ZONE.AHU04A.RM343A_LAB.Zone_Reheat_Valve_Command,90.8,https://brickschema.org/schema/Brick#Reheat_Valve_Command,BLDG1.ZONE.AHU04A.RM343A_LAB.Zone Reheat Valve Command,bldg1
2015-01-01T06:15:00Z,http://buildsys.org/ontologies/BLDG1#BLDG1.ZONE.AHU04A.RM343A_LAB.Zone_Reheat_Valve_Command,96.8,https://brickschema.org/schema/Brick#Reheat_Valve_Command,BLDG1.ZONE.AHU04A.RM343A_LAB.Zone Reheat Valve Command,bldg1
2015-01-01T06:30:00Z,http://buildsys.org/ontologies/BLDG1#BLDG1.ZONE.AHU04A.RM343A_LAB.Zone_Reheat_Valve_Command,86.0,https://brickschema.org/schema/Brick#Reheat_Valve_Command,BLDG1.ZONE.AHU04A.RM343A_LAB.Zone Reheat Valve Command,bldg1
2015-01-01T06:45:00Z,http://buildsys.org/ontologies/BLDG1#BLDG1.ZONE.AHU04A.RM343A_LAB.Zone_Reheat_Valve_Command,74.0,https://brickschema.org/schema/Brick#Reheat_Valve_Command,BLDG1.ZONE.AHU04A.RM343A_LAB.Zone Reheat Valve Command,bldg1
2015-01-01T07:00:00Z,http://buildsys.org/ontologies/BLDG1#BLDG1.ZONE.AHU04A.RM343A_LAB.Zone_Reheat_Valve_Command,64.8,https://brickschema.org/schema/Brick#Reheat_Valve_Command,BLDG1.ZONE.AHU04A.RM343A_LAB.Zone Reheat Valve Command,bldg1
2015-01-01T07:15:00Z,http://buildsys.org/ontologies/BLDG1#BLDG1.ZONE.AHU04A.RM343A_LAB.Zone_Reheat_Valve_Command,56.0,https://brickschema.org/schema/Brick#Reheat_Valve_Command,BLDG1.ZONE.AHU04A.RM343A_LAB.Zone Reheat Valve Command,bldg1
2015-01-01T07:30:00Z,http://buildsys.org/ontologies/BLDG1#BLDG1.ZONE.AHU04A.RM343A_LAB.Zone_Reheat_Valve_Command,46.8,https://brickschema.org/schema/Brick#Reheat_Valve_Command,BLDG1.ZONE.AHU04A.RM343A_LAB.Zone Reheat Valve Command,bldg1
2015-01-01T07:45:00Z,http://buildsys.org/ontologies/BLDG1#BLDG1.ZONE.AHU04A.RM343A_LAB.Zone_Reheat_Valve_Command,36.8,https://brickschema.org/schema/Brick#Reheat_Valve_Command,BLDG1.ZONE.AHU04A.RM343A_LAB.Zone Reheat Valve Command,bldg1
2015-01-01T08:00:00Z,http://buildsys.org/ontologies/BLDG1#BLDG1.ZONE.AHU04A.RM343A_LAB.Zone_Reheat_Valve_Command,46.8,https://brickschema.org/schema/Brick#Reheat_Valve_Command,BLDG1.ZONE.AHU04A.RM343A_LAB.Zone Reheat Valve Command,bldg1
2015-01-01T08:15:00Z,http://buildsys.org/ontologies/BLDG1#BLDG1.ZONE.AHU04A.RM343A_LAB.Zone_Reheat_Valve_Command,84.8,https://brickschema.org/schema/Brick#Reheat_Valve_Command,BLDG1.ZONE.AHU04A.RM343A_LAB.Zone Reheat Valve Command,bldg1
2015-01-01T08:30:00Z,http://buildsys.org/ontologies/BLDG1#BLDG1.ZONE.AHU04A.RM343A_LAB.Zone_Reheat_Valve_Command,100.0,https://brickschema.org/schema/Brick#Reheat_Valve_Command,BLDG1.ZONE.AHU04A.RM343A_LAB.Zone Reheat Valve Command,bldg1
2015-01-01T08:45:00Z,http://buildsys.org/ontologies/BLDG1#BLDG1.ZONE.AHU04A.RM343A_LAB.Zone_Reheat_Valve_Command,96.8,https://brickschema.org/schema/Brick#Reheat_Valve_Command,BLDG1.ZONE.AHU04A.RM343A_LAB.Zone Reheat Valve Command,bldg1
2015-01-01T09:00:00Z,http://buildsys.org/ontologies/BLDG1#BLDG1.ZONE.AHU04A.RM343A_LAB.Zone_Reheat_Valve_Command,100.0,https://brickschema.org/schema/Brick#Reheat_Valve_Command,BLDG1.ZONE.AHU04A.RM343A_LAB.Zone Reheat Valve Command,bldg1
2015-01-01T09:15:00Z,http://buildsys.org/ontologies/BLDG1#BLDG1.ZONE.AHU04A.RM343A_LAB.Zone_Reheat_Valve_Command,98.0,https://brickschema.org/schema/Brick#Reheat_Valve_Command,BLDG1.ZONE.AHU04A.RM343A_LAB.Zone Reheat Valve Command,bldg1
2015-01-01T09:30:00Z,http://buildsys.org/ontologies/BLDG1#BLDG1.ZONE.AHU04A.RM343A_LAB.Zone_Reheat_Valve_Command,92.8,https://brickschema.org/schema/Brick#Reheat_Valve_Command,BLDG1.ZONE.AHU04A.RM343A_LAB.Zone Reheat Valve Command,bldg1
2015-01-01T09:45:00Z,http://buildsys.org/ontologies/BLDG1#BLDG1.ZONE.AHU04A.RM343A_LAB.Zone_Reheat_Valve_Command,80.8,https://brickschema.org/schema/Brick#Reheat_Valve_Command,BLDG1.ZONE.AHU04A.RM343A_LAB.Zone Reheat Valve Command,bldg1
2015-01-01T10:00:00Z,http://buildsys.org/ontologies/BLDG1#BLDG1.ZONE.AHU04A.RM343A_LAB.Zone_Reheat_Valve_Command,70.8,https://brickschema.org/schema/Brick#Reheat_Valve_Command,BLDG1.ZONE.AHU04A.RM343A_LAB.Zone Reheat Valve Command,bldg1
2015-01-01T10:15:00Z,http://buildsys.org/ontologies/BLDG1#BLDG1.ZONE.AHU04A.RM343A_LAB.Zone_Reheat_Valve_Command,62.8,https://brickschema.org/schema/Brick#Reheat_Valve_Command,BLDG1.ZONE.AHU04A.RM343A_LAB.Zone Reheat Valve Command,bldg1
2015-01-01T10:30:00Z,http://buildsys.org/ontologies/BLDG1#BLDG1.ZONE.AHU04A.RM343A_LAB.Zone_Reheat_Valve_Command,48.0,https://brickschema.org/schema/Brick#Reheat_Valve_Command,BLDG1.ZONE.AHU04A.RM343A_LAB.Zone Reheat Valve Command,bldg1
2015-01-01T10:45:00Z,http://buildsys.org/ontologies/BLDG1#BLDG1.ZONE.AHU04A.RM343A_LAB.Zone_Reheat_Valve_Command,40.8,https://brickschema.org/schema/Brick#Reheat_Valve_Command,BLDG1.ZONE.AHU04A.RM343A_LAB.Zone Reheat Valve Command,bldg1
2015-01-01T11:00:00Z,http://buildsys.org/ontologies/BLDG1#BLDG1.ZONE.AHU04A.RM343A_LAB.Zone_Reheat_Valve_Command,38.8,https://brickschema.org/schema/Brick#Reheat_Valve_Command,BLDG1.ZONE.AHU04A.RM343A_LAB.Zone Reheat Valve Command,bldg1
2015-01-01T11:15:00Z,http://buildsys.org/ontologies/BLDG1#BLDG1.ZONE.AHU04A.RM343A_LAB.Zone_Reheat_Valve_Command,38.8,https://brickschema.org/schema/Brick#Reheat_Valve_Command,BLDG1.ZONE.AHU04A.RM343A_LAB.Zone Reheat Valve Command,bldg1
2015-01-01T11:30:00Z,http://buildsys.org/ontologies/BLDG1#BLDG1.ZONE.AHU04A.RM343A_LAB.Zone_Reheat_Valve_Command,36.0,https://brickschema.org/schema/Brick#Reheat_Valve_Command,BLDG1.ZONE.AHU04A.RM343A_LAB.Zone Reheat Valve Command,bldg1
2015-01-01T11:45:00Z,http://buildsys.org/ontologies/BLDG1#BLDG1.ZONE.AHU04A.RM343A_LAB.Zone_Reheat_Valve_Command,34.0,https://brickschema.org/schema/Brick#Reheat_Valve_Command,BLDG1.ZONE.AHU04A.RM343A_LAB.Zone Reheat Valve Command,bldg1
2015-01-01T12:00:00Z,http://buildsys.org/ontologies/BLDG1#BLDG1.ZONE.AHU04A.RM343A_LAB.Zone_Reheat_Valve_Command,30.8,https://brickschema.org/schema/Brick#Reheat_Valve_Command,BLDG1.ZONE.AHU04A.RM343A_LAB.Zone Reheat Valve Command,bldg1
2015-01-01T12:15:00Z,http://buildsys.org/ontologies/BLDG1#BLDG1.ZONE.AHU04A.RM343A_LAB.Zone_Reheat_Valve_Command,50.8,https://brickschema.org/schema/Brick#Reheat_Valve_Command,BLDG1.ZONE.AHU04A.RM343A_LAB.Zone Reheat Valve Command,bldg1
2015-01-01T12:30:00Z,http://buildsys.org/ontologies/BLDG1#BLDG1.ZONE.AHU04A.RM343A_LAB.Zone_Reheat_Valve_Command,70.0,https://brickschema.org/schema/Brick#Reheat_Valve_Command,BLDG1.ZONE.AHU04A.RM343A_LAB.Zone Reheat Valve Command,bldg1
2015-01-01T12:45:00Z,http://buildsys.org/ontologies/BLDG1#BLDG1.ZONE.AHU04A.RM343A_LAB.Zone_Reheat_Valve_Command,76.8,https://brickschema.org/schema/Brick#Reheat_Valve_Command,BLDG1.ZONE.AHU04A.RM343A_LAB.Zone Reheat Valve Command,bldg1
2015-01-01T13:00:00Z,http://buildsys.org/ontologies/BLDG1#BLDG1.ZONE.AHU04A.RM343A_LAB.Zone_Reheat_Valve_Command,74.8,https://brickschema.org/schema/Brick#Reheat_Valve_Command,BLDG1.ZONE.AHU04A.RM343A_LAB.Zone Reheat Valve Command,bldg1
2015-01-01T13:15:00Z,http://buildsys.org/ontologies/BLDG1#BLDG1.ZONE.AHU04A.RM343A_LAB.Zone_Reheat_Valve_Command,42.0,https://brickschema.org/schema/Brick#Reheat_Valve_Command,BLDG1.ZONE.AHU04A.RM343A_LAB.Zone Reheat Valve Command,bldg1
2015-01-01T13:30:00Z,http://buildsys.org/ontologies/BLDG1#BLDG1.ZONE.AHU04A.RM343A_LAB.Zone_Reheat_Valve_Command,28.8,https://brickschema.org/schema/Brick#Reheat_Valve_Command,BLDG1.ZONE.AHU04A.RM343A_LAB.Zone Reheat Valve Command,bldg1
2015-01-01T13:45:00Z,http://buildsys.org/ontologies/BLDG1#BLDG1.ZONE.AHU04A.RM343A_LAB.Zone_Reheat_Valve_Command,20.0,https://brickschema.org/schema/Brick#Reheat_Valve_Command,BLDG1.ZONE.AHU04A.RM343A_LAB.Zone Reheat Valve Command,bldg1
2015-01-01T14:00:00Z,http://buildsys.org/ontologies/BLDG1#BLDG1.ZONE.AHU04A.RM343A_LAB.Zone_Reheat_Valve_Command,8.0,https://brickschema.org/schema/Brick#Reheat_Valve_Command,BLDG1.ZONE.AHU04A.RM343A_LAB.Zone Reheat Valve Command,bldg1
2015-01-01T14:15:00Z,http://buildsys.org/ontologies/BLDG1#BLDG1.ZONE.AHU04A.RM343A_LAB.Zone_Reheat_Valve_Command,0.0,https://brickschema.org/schema/Brick#Reheat_Valve_Command,BLDG1.ZONE.AHU04A.RM343A_LAB.Zone Reheat Valve Command,bldg1
2015-01-01T14:30:00Z,http://buildsys.org/ontologies/BLDG1#BLDG1.ZONE.AHU04A.RM343A_LAB.Zone_Reheat_Valve_Command,0.0,https://brickschema.org/schema/Brick#Reheat_Valve_Command,BLDG1.ZONE.AHU04A.RM343A_LAB.Zone Reheat Valve Command,bldg1
2015-01-01T14:45:00Z,http://buildsys.org/ontologies/BLDG1#BLDG1.ZONE.AHU04A.RM343A_LAB.Zone_Reheat_Valve_Command,0.0,https://brickschema.org/schema/Brick#Reheat_Valve_Command,BLDG1.ZONE.AHU04A.RM343A_LAB.Zone Reheat Valve Command,bldg1
2015-01-01T15:00:00Z,http://buildsys.org/ontologies/BLDG1#BLDG1.ZONE.AHU04A.RM343A_LAB.Zone_Reheat_Valve_Command,0.0,https://brickschema.org/schema/Brick#Reheat_Valve_Command,BLDG1.ZONE.AHU04A.RM343A_LAB.Zone Reheat Valve Command,bldg1
2015-01-01T15:15:00Z,http://buildsys.org/ontologies/BLDG1#BLDG1.ZONE.AHU04A.RM343A_LAB.Zone_Reheat_Valve_Command,0.0,https://brickschema.org/schema/Brick#Reheat_Valve_Command,BLDG1.ZONE.AHU04A.RM343A_LAB.Zone Reheat Valve Command,bldg1
2015-01-01T15:30:00Z,http://buildsys.org/ontologies/BLDG1#BLDG1.ZONE.AHU04A.RM343A_LAB.Zone_Reheat_Valve_Command,0.0,https://brickschema.org/schema/Brick#Reheat_Valve_Command,BLDG1.ZONE.AHU04A.RM343A_LAB.Zone Reheat Valve Command,bldg1
2015-01-01T15:45:00Z,http://buildsys.org/ontologies/BLDG1#BLDG1.ZONE.AHU04A.RM343A_LAB.Zone_Reheat_Valve_Command,0.0,https://brickschema.org/schema/Brick#Reheat_Valve_Command,BLDG1.ZONE.AHU04A.RM343A_LAB.Zone Reheat Valve Command,bldg1
2015-01-01T16:00:00Z,http://buildsys.org/ontologies/BLDG1#BLDG1.ZONE.AHU04A.RM343A_LAB.Zone_Reheat_Valve_Command,2.0,https://brickschema.org/schema/Brick#Reheat_Valve_Command,BLDG1.ZONE.AHU04A.RM343A_LAB.Zone Reheat Valve Command,bldg1
2015-01-01T16:15:00Z,http://buildsys.org/ontologies/BLDG1#BLDG1.ZONE.AHU04A.RM343A_LAB.Zone_Reheat_Valve_Command,22.0,https://brickschema.org/schema/Brick#Reheat_Valve_Command,BLDG1.ZONE.AHU04A.RM343A_LAB.Zone Reheat Valve Command,bldg1
2015-01-01T16:30:00Z,http://buildsys.org/ontologies/BLDG1#BLDG1.ZONE.AHU04A.RM343A_LAB.Zone_Reheat_Valve_Command,32.8,https://brickschema.org/schema/Brick#Reheat_Valve_Command,BLDG1.ZONE.AHU04A.RM343A_LAB.Zone Reheat Valve Command,bldg1
2015-01-01T16:45:00Z,http://buildsys.org/ontologies/BLDG1#BLDG1.ZONE.AHU04A.RM343A_LAB.Zone_Reheat_Valve_Command,20.8,https://brickschema.org/schema/Brick#Reheat_Valve_Command,BLDG1.ZONE.AHU04A.RM343A_LAB.Zone Reheat Valve Command,bldg1
2015-01-01T17:00:00Z,http://buildsys.org/ontologies/BLDG1#BLDG1.ZONE.AHU04A.RM343A_LAB.Zone_Reheat_Valve_Command,14.0,https://brickschema.org/schema/Brick#Reheat_Valve_Command,BLDG1.ZONE.AHU04A.RM343A_LAB.Zone Reheat Valve Command,bldg1
2015-01-01T17:15:00Z,http://buildsys.org/ontologies/BLDG1#BLDG1.ZONE.AHU04A.RM343A_LAB.Zone_Reheat_Valve_Command,20.0,https://brickschema.org/schema/Brick#Reheat_Valve_Command,BLDG1.ZONE.AHU04A.RM343A_LAB.Zone Reheat Valve Command,bldg1
2015-01-01T17:30:00Z,http://buildsys.org/ontologies/BLDG1#BLDG1.ZONE.AHU04A.RM343A_LAB.Zone_Reheat_Valve_Command,14.0,https://brickschema.org/schema/Brick#Reheat_Valve_Command,BLDG1.ZONE.AHU04A.RM343A_LAB.Zone Reheat Valve Command,bldg1
2015-01-01T17:45:00Z,http://buildsys.org/ontologies/BLDG1#BLDG1.ZONE.AHU04A.RM343A_LAB.Zone_Reheat_Valve_Command,12.8,https://brickschema.org/schema/Brick#Reheat_Valve_Command,BLDG1.ZONE.AHU04A.RM343A_LAB.Zone Reheat Valve Command,bldg1
2015-01-01T18:00:00Z,http://buildsys.org/ontologies/BLDG1#BLDG1.ZONE.AHU04A.RM343A_LAB.Zone_Reheat_Valve_Command,16.0,https://brickschema.org/schema/Brick#Reheat_Valve_Command,BLDG1.ZONE.AHU04A.RM343A_LAB.Zone Reheat Valve Command,bldg1
2015-01-01T18:15:00Z,http://buildsys.org/ontologies/BLDG1#BLDG1.ZONE.AHU04A.RM343A_LAB.Zone_Reheat_Valve_Command,4.0,https://brickschema.org/schema/Brick#Reheat_Valve_Command,BLDG1.ZONE.AHU04A.RM343A_LAB.Zone Reheat Valve Command,bldg1
2015-01-01T18:30:00Z,http://buildsys.org/ontologies/BLDG1#BLDG1.ZONE.AHU04A.RM343A_LAB.Zone_Reheat_Valve_Command,22.0,https://brickschema.org/schema/Brick#Reheat_Valve_Command,BLDG1.ZONE.AHU04A.RM343A_LAB.Zone Reheat Valve Command,bldg1
2015-01-01T18:45:00Z,http://buildsys.org/ontologies/BLDG1#BLDG1.ZONE.AHU04A.RM343A_LAB.Zone_Reheat_Valve_Command,18.0,https://brickschema.org/schema/Brick#Reheat_Valve_Command,BLDG1.ZONE.AHU04A.RM343A_LAB.Zone Reheat Valve Command,bldg1
2015-01-01T19:00:00Z,http://buildsys.org/ontologies/BLDG1#BLDG1.ZONE.AHU04A.RM343A_LAB.Zone_Reheat_Valve_Command,18.0,https://brickschema.org/schema/Brick#Reheat_Valve_Command,BLDG1.ZONE.AHU04A.RM343A_LAB.Zone Reheat Valve Command,bldg1
2015-01-01T19:15:00Z,http://buildsys.org/ontologies/BLDG1#BLDG1.ZONE.AHU04A.RM343A_LAB.Zone_Reheat_Valve_Command,12.0,https://brickschema.org/schema/Brick#Reheat_Valve_Command,BLDG1.ZONE.AHU04A.RM343A_LAB.Zone Reheat Valve Command,bldg1
2015-01-01T19:30:00Z,http://buildsys.org/ontologies/BLDG1#BLDG1.ZONE.AHU04A.RM343A_LAB.Zone_Reheat_Valve_Command,10.0,https://brickschema.org/schema/Brick#Reheat_Valve_Command,BLDG1.ZONE.AHU04A.RM343A_LAB.Zone Reheat Valve Command,bldg1
2015-01-01T19:45:00Z,http://buildsys.org/ontologies/BLDG1#BLDG1.ZONE.AHU04A.RM343A_LAB.Zone_Reheat_Valve_Command,16.0,https://brickschema.org/schema/Brick#Reheat_Valve_Command,BLDG1.ZONE.AHU04A.RM343A_LAB.Zone Reheat Valve Command,bldg1
2015-01-01T20:00:00Z,http://buildsys.org/ontologies/BLDG1#BLDG1.ZONE.AHU04A.RM343A_LAB.Zone_Reheat_Valve_Command,24.0,https://brickschema.org/schema/Brick#Reheat_Valve_Command,BLDG1.ZONE.AHU04A.RM343A_LAB.Zone Reheat Valve Command,bldg1
2015-01-01T20:15:00Z,http://buildsys.org/ontologies/BLDG1#BLDG1.ZONE.AHU04A.RM343A_LAB.Zone_Reheat_Valve_Command,34.0,https://brickschema.org/schema/Brick#Reheat_Valve_Command,BLDG1.ZONE.AHU04A.RM343A_LAB.Zone Reheat Valve Command,bldg1
2015-01-01T20:30:00Z,http://buildsys.org/ontologies/BLDG1#BLDG1.ZONE.AHU04A.RM343A_LAB.Zone_Reheat_Valve_Command,42.8,https://brickschema.org/schema/Brick#Reheat_Valve_Command,BLDG1.ZONE.AHU04A.RM343A_LAB.Zone Reheat Valve Command,bldg1
2015-01-01T20:45:00Z,http://buildsys.org/ontologies/BLDG1#BLDG1.ZONE.AHU04A.RM343A_LAB.Zone_Reheat_Valve_Command,58.0,https://brickschema.org/schema/Brick#Reheat_Valve_Command,BLDG1.ZONE.AHU04A.RM343A_LAB.Zone Reheat Valve Command,bldg1
2015-01-01T21:00:00Z,http://buildsys.org/ontologies/BLDG1#BLDG1.ZONE.AHU04A.RM343A_LAB.Zone_Reheat_Valve_Command,60.8,https://brickschema.org/schema/Brick#Reheat_Valve_Command,BLDG1.ZONE.AHU04A.RM343A_LAB.Zone Reheat Valve Command,bldg1
2015-01-01T21:15:00Z,http://buildsys.org/ontologies/BLDG1#BLDG1.ZONE.AHU04A.RM343A_LAB.Zone_Reheat_Valve_Command,46.8,https://brickschema.org/schema/Brick#Reheat_Valve_Command,BLDG1.ZONE.AHU04A.RM343A_LAB.Zone Reheat Valve Command,bldg1
2015-01-01T21:30:00Z,http://buildsys.org/ontologies/BLDG1#BLDG1.ZONE.AHU04A.RM343A_LAB.Zone_Reheat_Valve_Command,26.8,https://brickschema.org/schema/Brick#Reheat_Valve_Command,BLDG1.ZONE.AHU04A.RM343A_LAB.Zone Reheat Valve Command,bldg1
2015-01-01T21:45:00Z,http://buildsys.org/ontologies/BLDG1#BLDG1.ZONE.AHU04A.RM343A_LAB.Zone_Reheat_Valve_Command,16.8,https://brickschema.org/schema/Brick#Reheat_Valve_Command,BLDG1.ZONE.AHU04A.RM343A_LAB.Zone Reheat Valve Command,bldg1
2015-01-01T22:00:00Z,http://buildsys.org/ontologies/BLDG1#BLDG1.ZONE.AHU04A.RM343A_LAB.Zone_Reheat_Valve_Command,14.8,https://brickschema.org/schema/Brick#Reheat_Valve_Command,BLDG1.ZONE.AHU04A.RM343A_LAB.Zone Reheat Valve Command,bldg1
2015-01-01T22:15:00Z,http://buildsys.org/ontologies/BLDG1#BLDG1.ZONE.AHU04A.RM343A_LAB.Zone_Reheat_Valve_Command,20.8,https://brickschema.org/schema/Brick#Reheat_Valve_Command,BLDG1.ZONE.AHU04A.RM343A_LAB.Zone Reheat Valve Command,bldg1
2015-01-01T22:30:00Z,http://buildsys.org/ontologies/BLDG1#BLDG1.ZONE.AHU04A.RM343A_LAB.Zone_Reheat_Valve_Command,20.8,https://brickschema.org/schema/Brick#Reheat_Valve_Command,BLDG1.ZONE.AHU04A.RM343A_LAB.Zone Reheat Valve Command,bldg1
2015-01-01T22:45:00Z,http://buildsys.org/ontologies/BLDG1#BLDG1.ZONE.AHU04A.RM343A_LAB.Zone_Reheat_Valve_Command,24.0,https://brickschema.org/schema/Brick#Reheat_Valve_Command,BLDG1.ZONE.AHU04A.RM343A_LAB.Zone Reheat Valve Command,bldg1
2015-01-01T23:00:00Z,http://buildsys.org/ontologies/BLDG1#BLDG1.ZONE.AHU04A.RM343A_LAB.Zone_Reheat_Valve_Command,30.8,https://brickschema.org/schema/Brick#Reheat_Valve_Command,BLDG1.ZONE.AHU04A.RM343A_LAB.Zone Reheat Valve Command,bldg1
2015-01-01T23:15:00Z,http://buildsys.org/ontologies/BLDG1#BLDG1.ZONE.AHU04A.RM343A_LAB.Zone_Reheat_Valve_Command,34.0,https://brickschema.org/schema/Brick#Reheat_Valve_Command,BLDG1.ZONE.AHU04A.RM343A_LAB.Zone Reheat Valve Command,bldg1
2015-01-01T23:30:00Z,http://buildsys.org/ontologies/BLDG1#BLDG1.ZONE.AHU04A.RM343A_LAB.Zone_Reheat_Valve_Command,44.0,https://brickschema.org/schema/Brick#Reheat_Valve_Command,BLDG1.ZONE.AHU04A.RM343A_LAB.Zone Reheat Valve Command,bldg1
2015-01-01T23:45:00Z,http://buildsys.org/ontologies/BLDG1#BLDG1.ZONE.AHU04A.RM343A_LAB.Zone_Reheat_Valve_Command,60.8,https://brickschema.org/schema/Brick#Reheat_Valve_Command,BLDG1.ZONE.AHU04A.RM343A_LAB.Zone Reheat Valve Command,bldg1
2015-01-02T00:00:00Z,http://buildsys.org/ontologies/BLDG1#BLDG1.ZONE.AHU04A.RM343A_LAB.Zone_Reheat_Valve_Command,88.8,https://brickschema.org/schema/Brick#Reheat_Valve_Command,BLDG1.ZONE.AHU04A.RM343A_LAB.Zone Reheat Valve Command,bldg1
2015-01-02T00:15:00Z,http://buildsys.org/ontologies/BLDG1#BLDG1.ZONE.AHU04A.RM343A_LAB.Zone_Reheat_Valve_Command,96.8,https://brickschema.org/schema/Brick#Reheat_Valve_Command,BLDG1.ZONE.AHU04A.RM343A_LAB.Zone Reheat Valve Command,bldg1
2015-01-02T00:30:00Z,http://buildsys.org/ontologies/BLDG1#BLDG1.ZONE.AHU04A.RM343A_LAB.Zone_Reheat_Valve_Command,100.0,https://brickschema.org/schema/Brick#Reheat_Valve_Command,BLDG1.ZONE.AHU04A.RM343A_LAB.Zone Reheat Valve Command,bldg1
2015-01-02T00:45:00Z,http://buildsys.org/ontologies/BLDG1#BLDG1.ZONE.AHU04A.RM343A_LAB.Zone_Reheat_Valve_Command,100.0,https://brickschema.org/schema/Brick#Reheat_Valve_Command,BLDG1.ZONE.AHU04A.RM343A_LAB.Zone Reheat Valve Command,bldg1
2015-01-02T01:00:00Z,http://buildsys.org/ontologies/BLDG1#BLDG1.ZONE.AHU04A.RM343A_LAB.Zone_Reheat_Valve_Command,100.0,https://brickschema.org/schema/Brick#Reheat_Valve_Command,BLDG1.ZONE.AHU04A.RM343A_LAB.Zone Reheat Valve Command,bldg1
2015-01-02T01:15:00Z,http://buildsys.org/ontologies/BLDG1#BLDG1.ZONE.AHU04A.RM343A_LAB.Zone_Reheat_Valve_Command,96.8,https://brickschema.org/schema/Brick#Reheat_Valve_Command,BLDG1.ZONE.AHU04A.RM343A_LAB.Zone Reheat Valve Command,bldg1
2015-01-02T01:30:00Z,http://buildsys.org/ontologies/BLDG1#BLDG1.ZONE.AHU04A.RM343A_LAB.Zone_Reheat_Valve_Command,98.0,https://brickschema.org/schema/Brick#Reheat_Valve_Command,BLDG1.ZONE.AHU04A.RM343A_LAB.Zone Reheat Valve Command,bldg1
2015-01-02T01:45:00Z,http://buildsys.org/ontologies/BLDG1#BLDG1.ZONE.AHU04A.RM343A_LAB.Zone_Reheat_Valve_Command,94.0,https://brickschema.org/schema/Brick#Reheat_Valve_Command,BLDG1.ZONE.AHU04A.RM343A_LAB.Zone Reheat Valve Command,bldg1
2015-01-02T02:00:00Z,http://buildsys.org/ontologies/BLDG1#BLDG1.ZONE.AHU04A.RM343A_LAB.Zone_Reheat_Valve_Command,88.8,https://brickschema.org/schema/Brick#Reheat_Valve_Command,BLDG1.ZONE.AHU04A.RM343A_LAB.Zone Reheat Valve Command,bldg1
2015-01-02T02:15:00Z,http://buildsys.org/ontologies/BLDG1#BLDG1.ZONE.AHU04A.RM343A_LAB.Zone_Reheat_Valve_Command,82.0,https://brickschema.org/schema/Brick#Reheat_Valve_Command,BLDG1.ZONE.AHU04A.RM343A_LAB.Zone Reheat Valve Command,bldg1
2015-01-02T02:30:00Z,http://buildsys.org/ontologies/BLDG1#BLDG1.ZONE.AHU04A.RM343A_LAB.Zone_Reheat_Valve_Command,72.8,https://brickschema.org/schema/Brick#Reheat_Valve_Command,BLDG1.ZONE.AHU04A.RM343A_LAB.Zone Reheat Valve Command,bldg1
2015-01-02T02:45:00Z,http://buildsys.org/ontologies/BLDG1#BLDG1.ZONE.AHU04A.RM343A_LAB.Zone_Reheat_Valve_Command,70.8,https://brickschema.org/schema/Brick#Reheat_Valve_Command,BLDG1.ZONE.AHU04A.RM343A_LAB.Zone Reheat Valve Command,bldg1
2015-01-02T03:00:00Z,http://buildsys.org/ontologies/BLDG1#BLDG1.ZONE.AHU04A.RM343A_LAB.Zone_Reheat_Valve_Command,62.8,https://brickschema.org/schema/Brick#Reheat_Valve_Command,BLDG1.ZONE.AHU04A.RM343A_LAB.Zone Reheat Valve Command,bldg1
2015-01-02T03:15:00Z,http://buildsys.org/ontologies/BLDG1#BLDG1.ZONE.AHU04A.RM343A_LAB.Zone_Reheat_Valve_Command,66.0,https://brickschema.org/schema/Brick#Reheat_Valve_Command,BLDG1.ZONE.AHU04A.RM343A_LAB.Zone Reheat Valve Command,bldg1
2015-01-02T03:30:00Z,http://buildsys.org/ontologies/BLDG1#BLDG1.ZONE.AHU04A.RM343A_LAB.Zone_Reheat_Valve_Command,74.0,https://brickschema.org/schema/Brick#Reheat_Valve_Command,BLDG1.ZONE.AHU04A.RM343A_LAB.Zone Reheat Valve Command,bldg1
2015-01-02T03:45:00Z,http://buildsys.org/ontologies/BLDG1#BLDG1.ZONE.AHU04A.RM343A_LAB.Zone_Reheat_Valve_Command,14.0,https://brickschema.org/schema/Brick#Reheat_Valve_Command,BLDG1.ZONE.AHU04A.RM343A_LAB.Zone Reheat Valve Command,bldg1
2015-01-02T04:00:00Z,http://buildsys.org/ontologies/BLDG1#BLDG1.ZONE.AHU04A.RM343A_LAB.Zone_Reheat_Valve_Command,74.8,https://brickschema.org/schema/Brick#Reheat_Valve_Command,BLDG1.ZONE.AHU04A.RM343A_LAB.Zone Reheat Valve Command,bldg1
2015-01-02T04:15:00Z,http://buildsys.org/ontologies/BLDG1#BLDG1.ZONE.AHU04A.RM343A_LAB.Zone_Reheat_Valve_Command,68.8,https://brickschema.org/schema/Brick#Reheat_Valve_Command,BLDG1.ZONE.AHU04A.RM343A_LAB.Zone Reheat Valve Command,bldg1
2015-01-02T04:30:00Z,http://buildsys.org/ontologies/BLDG1#BLDG1.ZONE.AHU04A.RM343A_LAB.Zone_Reheat_Valve_Command,62.8,https://brickschema.org/schema/Brick#Reheat_Valve_Command,BLDG1.ZONE.AHU04A.RM343A_LAB.Zone Reheat Valve Command,bldg1
2015-01-02T04:45:00Z,http://buildsys.org/ontologies/BLDG1#BLDG1.ZONE.AHU04A.RM343A_LAB.Zone_Reheat_Valve_Command,50.0,https://brickschema.org/schema/Brick#Reheat_Valve_Command,BLDG1.ZONE.AHU04A.RM343A_LAB.Zone Reheat Valve Command,bldg1
2015-01-02T05:00:00Z,http://buildsys.org/ontologies/BLDG1#BLDG1.ZONE.AHU04A.RM343A_LAB.Zone_Reheat_Valve_Command,40.8,https://brickschema.org/schema/Brick#Reheat_Valve_Command,BLDG1.ZONE.AHU04A.RM343A_LAB.Zone Reheat Valve Command,bldg1
2015-01-02T05:15:00Z,http://buildsys.org/ontologies/BLDG1#BLDG1.ZONE.AHU04A.RM343A_LAB.Zone_Reheat_Valve_Command,42.0,https://brickschema.org/schema/Brick#Reheat_Valve_Command,BLDG1.ZONE.AHU04A.RM343A_LAB.Zone Reheat Valve Command,bldg1
2015-01-02T05:30:00Z,http://buildsys.org/ontologies/BLDG1#BLDG1.ZONE.AHU04A.RM343A_LAB.Zone_Reheat_Valve_Command,54.0,https://brickschema.org/schema/Brick#Reheat_Valve_Command,BLDG1.ZONE.AHU04A.RM343A_LAB.Zone Reheat Valve Command,bldg1
2015-01-02T05:45:00Z,http://buildsys.org/ontologies/BLDG1#BLDG1.ZONE.AHU04A.RM343A_LAB.Zone_Reheat_Valve_Command,64.8,https://brickschema.org/schema/Brick#Reheat_Valve_Command,BLDG1.ZONE.AHU04A.RM343A_LAB.Zone Reheat Valve Command,bldg1
2015-01-02T06:00:00Z,http://buildsys.org/ontologies/BLDG1#BLDG1.ZONE.AHU04A.RM343A_LAB.Zone_Reheat_Valve_Command,74.0,https://brickschema.org/schema/Brick#Reheat_Valve_Command,BLDG1.ZONE.AHU04A.RM343A_LAB.Zone Reheat Valve Command,bldg1
2015-01-02T06:15:00Z,http://buildsys.org/ontologies/BLDG1#BLDG1.ZONE.AHU04A.RM343A_LAB.Zone_Reheat_Valve_Command,96.0,https://brickschema.org/schema/Brick#Reheat_Valve_Command,BLDG1.ZONE.AHU04A.RM343A_LAB.Zone Reheat Valve Command,bldg1
2015-01-02T06:30:00Z,http://buildsys.org/ontologies/BLDG1#BLDG1.ZONE.AHU04A.RM343A_LAB.Zone_Reheat_Valve_Command,96.0,https://brickschema.org/schema/Brick#Reheat_Valve_Command,BLDG1.ZONE.AHU04A.RM343A_LAB.Zone Reheat Valve Command,bldg1
2015-01-02T06:45:00Z,http://buildsys.org/ontologies/BLDG1#BLDG1.ZONE.AHU04A.RM343A_LAB.Zone_Reheat_Valve_Command,86.8,https://brickschema.org/schema/Brick#Reheat_Valve_Command,BLDG1.ZONE.AHU04A.RM343A_LAB.Zone Reheat Valve Command,bldg1
2015-01-02T07:00:00Z,http://buildsys.org/ontologies/BLDG1#BLDG1.ZONE.AHU04A.RM343A_LAB.Zone_Reheat_Valve_Command,76.0,https://brickschema.org/schema/Brick#Reheat_Valve_Command,BLDG1.ZONE.AHU04A.RM343A_LAB.Zone Reheat Valve Command,bldg1
2015-01-02T07:15:00Z,http://buildsys.org/ontologies/BLDG1#BLDG1.ZONE.AHU04A.RM343A_LAB.Zone_Reheat_Valve_Command,72.8,https://brickschema.org/schema/Brick#Reheat_Valve_Command,BLDG1.ZONE.AHU04A.RM343A_LAB.Zone Reheat Valve Command,bldg1
2015-01-02T07:30:00Z,http://buildsys.org/ontologies/BLDG1#BLDG1.ZONE.AHU04A.RM343A_LAB.Zone_Reheat_Valve_Command,62.8,https://brickschema.org/schema/Brick#Reheat_Valve_Command,BLDG1.ZONE.AHU04A.RM343A_LAB.Zone Reheat Valve Command,bldg1
2015-01-02T07:45:00Z,http://buildsys.org/ontologies/BLDG1#BLDG1.ZONE.AHU04A.RM343A_LAB.Zone_Reheat_Valve_Command,56.8,https://brickschema.org/schema/Brick#Reheat_Valve_Command,BLDG1.ZONE.AHU04A.RM343A_LAB.Zone Reheat Valve Command,bldg1
2015-01-02T08:00:00Z,http://buildsys.org/ontologies/BLDG1#BLDG1.ZONE.AHU04A.RM343A_LAB.Zone_Reheat_Valve_Command,54.8,https://brickschema.org/schema/Brick#Reheat_Valve_Command,BLDG1.ZONE.AHU04A.RM343A_LAB.Zone Reheat Valve Command,bldg1
2015-01-02T08:15:00Z,http://buildsys.org/ontologies/BLDG1#BLDG1.ZONE.AHU04A.RM343A_LAB.Zone_Reheat_Valve_Command,70.8,https://brickschema.org/schema/Brick#Reheat_Valve_Command,BLDG1.ZONE.AHU04A.RM343A_LAB.Zone Reheat Valve Command,bldg1
2015-01-02T08:30:00Z,http://buildsys.org/ontologies/BLDG1#BLDG1.ZONE.AHU04A.RM343A_LAB.Zone_Reheat_Valve_Command,92.0,https://brickschema.org/schema/Brick#Reheat_Valve_Command,BLDG1.ZONE.AHU04A.RM343A_LAB.Zone Reheat Valve Command,bldg1
2015-01-02T08:45:00Z,http://buildsys.org/ontologies/BLDG1#BLDG1.ZONE.AHU04A.RM343A_LAB.Zone_Reheat_Valve_Command,100.0,https://brickschema.org/schema/Brick#Reheat_Valve_Command,BLDG1.ZONE.AHU04A.RM343A_LAB.Zone Reheat Valve Command,bldg1
2015-01-02T09:00:00Z,http://buildsys.org/ontologies/BLDG1#BLDG1.ZONE.AHU04A.RM343A_LAB.Zone_Reheat_Valve_Command,98.0,https://brickschema.org/schema/Brick#Reheat_Valve_Command,BLDG1.ZONE.AHU04A.RM343A_LAB.Zone Reheat Valve Command,bldg1
2015-01-02T09:15:00Z,http://buildsys.org/ontologies/BLDG1#BLDG1.ZONE.AHU04A.RM343A_LAB.Zone_Reheat_Valve_Command,96.0,https://brickschema.org/schema/Brick#Reheat_Valve_Command,BLDG1.ZONE.AHU04A.RM343A_LAB.Zone Reheat Valve Command,bldg1
2015-01-02T09:30:00Z,http://buildsys.org/ontologies/BLDG1#BLDG1.ZONE.AHU04A.RM343A_LAB.Zone_Reheat_Valve_Command,86.8,https://brickschema.org/schema/Brick#Reheat_Valve_Command,BLDG1.ZONE.AHU04A.RM343A_LAB.Zone Reheat Valve Command,bldg1
2015-01-02T09:45:00Z,http://buildsys.org/ontologies/BLDG1#BLDG1.ZONE.AHU04A.RM343A_LAB.Zone_Reheat_Valve_Command,82.8,https://brickschema.org/schema/Brick#Reheat_Valve_Command,BLDG1.ZONE.AHU04A.RM343A_LAB.Zone Reheat Valve Command,bldg1
2015-01-02T10:00:00Z,http://buildsys.org/ontologies/BLDG1#BLDG1.ZONE.AHU04A.RM343A_LAB.Zone_Reheat_Valve_Command,70.0,https://brickschema.org/schema/Brick#Reheat_Valve_Command,BLDG1.ZONE.AHU04A.RM343A_LAB.Zone Reheat Valve Command,bldg1
2015-01-02T10:15:00Z,http://buildsys.org/ontologies/BLDG1#BLDG1.ZONE.AHU04A.RM343A_LAB.Zone_Reheat_Valve_Command,60.8,https://brickschema.org/schema/Brick#Reheat_Valve_Command,BLDG1.ZONE.AHU04A.RM343A_LAB.Zone Reheat Valve Command,bldg1
2015-01-02T10:30:00Z,http://buildsys.org/ontologies/BLDG1#BLDG1.ZONE.AHU04A.RM343A_LAB.Zone_Reheat_Valve_Command,38.0,https://brickschema.org/schema/Brick#Reheat_Valve_Command,BLDG1.ZONE.AHU04A.RM343A_LAB.Zone Reheat Valve Command,bldg1
2015-01-02T10:45:00Z,http://buildsys.org/ontologies/BLDG1#BLDG1.ZONE.AHU04A.RM343A_LAB.Zone_Reheat_Valve_Command,28.0,https://brickschema.org/schema/Brick#Reheat_Valve_Command,BLDG1.ZONE.AHU04A.RM343A_LAB.Zone Reheat Valve Command,bldg1
2015-01-02T11:00:00Z,http://buildsys.org/ontologies/BLDG1#BLDG1.ZONE.AHU04A.RM343A_LAB.Zone_Reheat_Valve_Command,6.8,https://brickschema.org/schema/Brick#Reheat_Valve_Command,BLDG1.ZONE.AHU04A.RM343A_LAB.Zone Reheat Valve Command,bldg1
2015-01-02T11:15:00Z,http://buildsys.org/ontologies/BLDG1#BLDG1.ZONE.AHU04A.RM343A_LAB.Zone_Reheat_Valve_Command,14.8,https://brickschema.org/schema/Brick#Reheat_Valve_Command,BLDG1.ZONE.AHU04A.RM343A_LAB.Zone Reheat Valve Command,bldg1
2015-01-02T11:30:00Z,http://buildsys.org/ontologies/BLDG1#BLDG1.ZONE.AHU04A.RM343A_LAB.Zone_Reheat_Valve_Command,8.0,https://brickschema.org/schema/Brick#Reheat_Valve_Command,BLDG1.ZONE.AHU04A.RM343A_LAB.Zone Reheat Valve Command,bldg1
2015-01-02T11:45:00Z,http://buildsys.org/ontologies/BLDG1#BLDG1.ZONE.AHU04A.RM343A_LAB.Zone_Reheat_Valve_Command,2.8,https://brickschema.org/schema/Brick#Reheat_Valve_Command,BLDG1.ZONE.AHU04A.RM343A_LAB.Zone Reheat Valve Command,bldg1
2015-01-02T12:00:00Z,http://buildsys.org/ontologies/BLDG1#BLDG1.ZONE.AHU04A.RM343A_LAB.Zone_Reheat_Valve_Command,0.0,https://brickschema.org/schema/Brick#Reheat_Valve_Command,BLDG1.ZONE.AHU04A.RM343A_LAB.Zone Reheat Valve Command,bldg1
2015-01-02T12:15:00Z,http://buildsys.org/ontologies/BLDG1#BLDG1.ZONE.AHU04A.RM343A_LAB.Zone_Reheat_Valve_Command,0.0,https://brickschema.org/schema/Brick#Reheat_Valve_Command,BLDG1.ZONE.AHU04A.RM343A_LAB.Zone Reheat Valve Command,bldg1
2015-01-02T12:30:00Z,http://buildsys.org/ontologies/BLDG1#BLDG1.ZONE.AHU04A.RM343A_LAB.Zone_Reheat_Valve_Command,10.8,https://brickschema.org/schema/Brick#Reheat_Valve_Command,BLDG1.ZONE.AHU04A.RM343A_LAB.Zone Reheat Valve Command,bldg1
2015-01-02T12:45:00Z,http://buildsys.org/ontologies/BLDG1#BLDG1.ZONE.AHU04A.RM343A_LAB.Zone_Reheat_Valve_Command,8.8,https://brickschema.org/schema/Brick#Reheat_Valve_Command,BLDG1.ZONE.AHU04A.RM343A_LAB.Zone Reheat Valve Command,bldg1
2015-01-02T13:00:00Z,http://buildsys.org/ontologies/BLDG1#BLDG1.ZONE.AHU04A.RM343A_LAB.Zone_Reheat_Valve_Command,16.0,https://brickschema.org/schema/Brick#Reheat_Valve_Command,BLDG1.ZONE.AHU04A.RM343A_LAB.Zone Reheat Valve Command,bldg1
2015-01-02T13:15:00Z,http://buildsys.org/ontologies/BLDG1#BLDG1.ZONE.AHU04A.RM343A_LAB.Zone_Reheat_Valve_Command,36.8,https://brickschema.org/schema/Brick#Reheat_Valve_Command,BLDG1.ZONE.AHU04A.RM343A_LAB.Zone Reheat Valve Command,bldg1
2015-01-02T13:30:00Z,http://buildsys.org/ontologies/BLDG1#BLDG1.ZONE.AHU04A.RM343A_LAB.Zone_Reheat_Valve_Command,54.0,https://brickschema.org/schema/Brick#Reheat_Valve_Command,BLDG1.ZONE.AHU04A.RM343A_LAB.Zone Reheat Valve Command,bldg1
2015-01-02T13:45:00Z,http://buildsys.org/ontologies/BLDG1#BLDG1.ZONE.AHU04A.RM343A_LAB.Zone_Reheat_Valve_Command,46.8,https://brickschema.org/schema/Brick#Reheat_Valve_Command,BLDG1.ZONE.AHU04A.RM343A_LAB.Zone Reheat Valve Command,bldg1
2015-01-02T14:00:00Z,http://buildsys.org/ontologies/BLDG1#BLDG1.ZONE.AHU04A.RM343A_LAB.Zone_Reheat_Valve_Command,34.8,https://brickschema.org/schema/Brick#Reheat_Valve_Command,BLDG1.ZONE.AHU04A.RM343A_LAB.Zone Reheat Valve Command,bldg1
2015-01-02T14:15:00Z,http://buildsys.org/ontologies/BLDG1#BLDG1.ZONE.AHU04A.RM343A_LAB.Zone_Reheat_Valve_Command,6.8,https://brickschema.org/schema/Brick#Reheat_Valve_Command,BLDG1.ZONE.AHU04A.RM343A_LAB.Zone Reheat Valve Command,bldg1
2015-01-02T14:30:00Z,http://buildsys.org/ontologies/BLDG1#BLDG1.ZONE.AHU04A.RM343A_LAB.Zone_Reheat_Valve_Command,0.0,https://brickschema.org/schema/Brick#Reheat_Valve_Command,BLDG1.ZONE.AHU04A.RM343A_LAB.Zone Reheat Valve Command,bldg1
2015-01-02T14:45:00Z,http://buildsys.org/ontologies/BLDG1#BLDG1.ZONE.AHU04A.RM343A_LAB.Zone_Reheat_Valve_Command,0.0,https://brickschema.org/schema/Brick#Reheat_Valve_Command,BLDG1.ZONE.AHU04A.RM343A_LAB.Zone Reheat Valve Command,bldg1
2015-01-02T15:00:00Z,http://buildsys.org/ontologies/BLDG1#BLDG1.ZONE.AHU04A.RM343A_LAB.Zone_Reheat_Valve_Command,0.0,https://brickschema.org/schema/Brick#Reheat_Valve_Command,BLDG1.ZONE.AHU04A.RM343A_LAB.Zone Reheat Valve Command,bldg1
2015-01-02T15:15:00Z,http://buildsys.org/ontologies/BLDG1#BLDG1.ZONE.AHU04A.RM343A_LAB.Zone_Reheat_Valve_Command,0.0,https://brickschema.org/schema/Brick#Reheat_Valve_Command,BLDG1.ZONE.AHU04A.RM343A_LAB.Zone Reheat Valve Command,bldg1
2015-01-02T15:30:00Z,http://buildsys.org/ontologies/BLDG1#BLDG1.ZONE.AHU04A.RM343A_LAB.Zone_Reheat_Valve_Command,0.0,https://brickschema.org/schema/Brick#Reheat_Valve_Command,BLDG1.ZONE.AHU04A.RM343A_LAB.Zone Reheat Valve Command,bldg1
2015-01-02T15:45:00Z,http://buildsys.org/ontologies/BLDG1#BLDG1.ZONE.AHU04A.RM343A_LAB.Zone_Reheat_Valve_Command,0.0,https://brickschema.org/schema/Brick#Reheat_Valve_Command,BLDG1.ZONE.AHU04A.RM343A_LAB.Zone Reheat Valve Command,bldg1
2015-01-02T16:00:00Z,http://buildsys.org/ontologies/BLDG1#BLDG1.ZONE.AHU04A.RM343A_LAB.Zone_Reheat_Valve_Command,0.0,https://brickschema.org/schema/Brick#Reheat_Valve_Command,BLDG1.ZONE.AHU04A.RM343A_LAB.Zone Reheat Valve Command,bldg1
2015-01-02T16:15:00Z,http://buildsys.org/ontologies/BLDG1#BLDG1.ZONE.AHU04A.RM343A_LAB.Zone_Reheat_Valve_Command,0.0,https://brickschema.org/schema/Brick#Reheat_Valve_Command,BLDG1.ZONE.AHU04A.RM343A_LAB.Zone Reheat Valve Command,bldg1
2015-01-02T16:30:00Z,http://buildsys.org/ontologies/BLDG1#BLDG1.ZONE.AHU04A.RM343A_LAB.Zone_Reheat_Valve_Command,0.0,https://brickschema.org/schema/Brick#Reheat_Valve_Command,BLDG1.ZONE.AHU04A.RM343A_LAB.Zone Reheat Valve Command,bldg1
2015-01-02T16:45:00Z,http://buildsys.org/ontologies/BLDG1#BLDG1.ZONE.AHU04A.RM343A_LAB.Zone_Reheat_Valve_Command,0.0,https://brickschema.org/schema/Brick#Reheat_Valve_Command,BLDG1.ZONE.AHU04A.RM343A_LAB.Zone Reheat Valve Command,bldg1
2015-01-02T17:00:00Z,http://buildsys.org/ontologies/BLDG1#BLDG1.ZONE.AHU04A.RM343A_LAB.Zone_Reheat_Valve_Command,0.0,https://brickschema.org/schema/Brick#Reheat_Valve_Command,BLDG1.ZONE.AHU04A.RM343A_LAB.Zone Reheat Valve Command,bldg1
2015-01-02T17:15:00Z,http://buildsys.org/ontologies/BLDG1#BLDG1.ZONE.AHU04A.RM343A_LAB.Zone_Reheat_Valve_Command,0.0,https://brickschema.org/schema/Brick#Reheat_Valve_Command,BLDG1.ZONE.AHU04A.RM343A_LAB.Zone Reheat Valve Command,bldg1
2015-01-02T17:30:00Z,http://buildsys.org/ontologies/BLDG1#BLDG1.ZONE.AHU04A.RM343A_LAB.Zone_Reheat_Valve_Command,0.0,https://brickschema.org/schema/Brick#Reheat_Valve_Command,BLDG1.ZONE.AHU04A.RM343A_LAB.Zone Reheat Valve Command,bldg1
2015-01-02T17:45:00Z,http://buildsys.org/ontologies/BLDG1#BLDG1.ZONE.AHU04A.RM343A_LAB.Zone_Reheat_Valve_Command,0.0,https://brickschema.org/schema/Brick#Reheat_Valve_Command,BLDG1.ZONE.AHU04A.RM343A_LAB.Zone Reheat Valve Command,bldg1
2015-01-02T18:00:00Z,http://buildsys.org/ontologies/BLDG1#BLDG1.ZONE.AHU04A.RM343A_LAB.Zone_Reheat_Valve_Command,0.0,https://brickschema.org/schema/Brick#Reheat_Valve_Command,BLDG1.ZONE.AHU04A.RM343A_LAB.Zone Reheat Valve Command,bldg1
2015-01-02T18:15:00Z,http://buildsys.org/ontologies/BLDG1#BLDG1.ZONE.AHU04A.RM343A_LAB.Zone_Reheat_Valve_Command,0.0,https://brickschema.org/schema/Brick#Reheat_Valve_Command,BLDG1.ZONE.AHU04A.RM343A_LAB.Zone Reheat Valve Command,bldg1
2015-01-02T18:30:00Z,http://buildsys.org/ontologies/BLDG1#BLDG1.ZONE.AHU04A.RM343A_LAB.Zone_Reheat_Valve_Command,0.0,https://brickschema.org/schema/Brick#Reheat_Valve_Command,BLDG1.ZONE.AHU04A.RM343A_LAB.Zone Reheat Valve Command,bldg1
2015-01-02T18:45:00Z,http://buildsys.org/ontologies/BLDG1#BLDG1.ZONE.AHU04A.RM343A_LAB.Zone_Reheat_Valve_Command,0.0,https://brickschema.org/schema/Brick#Reheat_Valve_Command,BLDG1.ZONE.AHU04A.RM343A_LAB.Zone Reheat Valve Command,bldg1
2015-01-02T19:00:00Z,http://buildsys.org/ontologies/BLDG1#BLDG1.ZONE.AHU04A.RM343A_LAB.Zone_Reheat_Valve_Command,0.0,https://brickschema.org/schema/Brick#Reheat_Valve_Command,BLDG1.ZONE.AHU04A.RM343A_LAB.Zone Reheat Valve Command,bldg1
2015-01-02T19:15:00Z,http://buildsys.org/ontologies/BLDG1#BLDG1.ZONE.AHU04A.RM343A_LAB.Zone_Reheat_Valve_Command,0.0,https://brickschema.org/schema/Brick#Reheat_Valve_Command,BLDG1.ZONE.AHU04A.RM343A_LAB.Zone Reheat Valve Command,bldg1
2015-01-02T19:30:00Z,http://buildsys.org/ontologies/BLDG1#BLDG1.ZONE.AHU04A.RM343A_LAB.Zone_Reheat_Valve_Command,0.0,https://brickschema.org/schema/Brick#Reheat_Valve_Command,BLDG1.ZONE.AHU04A.RM343A_LAB.Zone Reheat Valve Command,bldg1
2015-01-02T19:45:00Z,http://buildsys.org/ontologies/BLDG1#BLDG1.ZONE.AHU04A.RM343A_LAB.Zone_Reheat_Valve_Command,0.0,https://brickschema.org/schema/Brick#Reheat_Valve_Command,BLDG1.ZONE.AHU04A.RM343A_LAB.Zone Reheat Valve Command,bldg1
2015-01-02T20:00:00Z,http://buildsys.org/ontologies/BLDG1#BLDG1.ZONE.AHU04A.RM343A_LAB.Zone_Reheat_Valve_Command,0.0,https://brickschema.org/schema/Brick#Reheat_Valve_Command,BLDG1.ZONE.AHU04A.RM343A_LAB.Zone Reheat Valve Command,bldg1
2015-01-02T20:15:00Z,http://buildsys.org/ontologies/BLDG1#BLDG1.ZONE.AHU04A.RM343A_LAB.Zone_Reheat_Valve_Command,10.0,https://brickschema.org/schema/Brick#Reheat_Valve_Command,BLDG1.ZONE.AHU04A.RM343A_LAB.Zone Reheat Valve Command,bldg1
2015-01-02T20:30:00Z,http://buildsys.org/ontologies/BLDG1#BLDG1.ZONE.AHU04A.RM343A_LAB.Zone_Reheat_Valve_Command,34.0,https://brickschema.org/schema/Brick#Reheat_Valve_Command,BLDG1.ZONE.AHU04A.RM343A_LAB.Zone Reheat Valve Command,bldg1
2015-01-02T20:45:00Z,http://buildsys.org/ontologies/BLDG1#BLDG1.ZONE.AHU04A.RM343A_LAB.Zone_Reheat_Valve_Command,58.0,https://brickschema.org/schema/Brick#Reheat_Valve_Command,BLDG1.ZONE.AHU04A.RM343A_LAB.Zone Reheat Valve Command,bldg1
2015-01-02T21:00:00Z,http://buildsys.org/ontologies/BLDG1#BLDG1.ZONE.AHU04A.RM343A_LAB.Zone_Reheat_Valve_Command,66.8,https://brickschema.org/schema/Brick#Reheat_Valve_Command,BLDG1.ZONE.AHU04A.RM343A_LAB.Zone Reheat Valve Command,bldg1
2015-01-02T21:15:00Z,http://buildsys.org/ontologies/BLDG1#BLDG1.ZONE.AHU04A.RM343A_LAB.Zone_Reheat_Valve_Command,64.0,https://brickschema.org/schema/Brick#Reheat_Valve_Command,BLDG1.ZONE.AHU04A.RM343A_LAB.Zone Reheat Valve Command,bldg1
2015-01-02T21:30:00Z,http://buildsys.org/ontologies/BLDG1#BLDG1.ZONE.AHU04A.RM343A_LAB.Zone_Reheat_Valve_Command,70.8,https://brickschema.org/schema/Brick#Reheat_Valve_Command,BLDG1.ZONE.AHU04A.RM343A_LAB.Zone Reheat Valve Command,bldg1
2015-01-02T21:45:00Z,http://buildsys.org/ontologies/BLDG1#BLDG1.ZONE.AHU04A.RM343A_LAB.Zone_Reheat_Valve_Command,50.8,https://brickschema.org/schema/Brick#Reheat_Valve_Command,BLDG1.ZONE.AHU04A.RM343A_LAB.Zone Reheat Valve Command,bldg1
2015-01-02T22:00:00Z,http://buildsys.org/ontologies/BLDG1#BLDG1.ZONE.AHU04A.RM343A_LAB.Zone_Reheat_Valve_Command,34.8,https://brickschema.org/schema/Brick#Reheat_Valve_Command,BLDG1.ZONE.AHU04A.RM343A_LAB.Zone Reheat Valve Command,bldg1
2015-01-02T22:15:00Z,http://buildsys.org/ontologies/BLDG1#BLDG1.ZONE.AHU04A.RM343A_LAB.Zone_Reheat_Valve_Command,22.8,https://brickschema.org/schema/Brick#Reheat_Valve_Command,BLDG1.ZONE.AHU04A.RM343A_LAB.Zone Reheat Valve Command,bldg1
2015-01-02T22:30:00Z,http://buildsys.org/ontologies/BLDG1#BLDG1.ZONE.AHU04A.RM343A_LAB.Zone_Reheat_Valve_Command,10.8,https://brickschema.org/schema/Brick#Reheat_Valve_Command,BLDG1.ZONE.AHU04A.RM343A_LAB.Zone Reheat Valve Command,bldg1
2015-01-02T22:45:00Z,http://buildsys.org/ontologies/BLDG1#BLDG1.ZONE.AHU04A.RM343A_LAB.Zone_Reheat_Valve_Command,12.8,https://brickschema.org/schema/Brick#Reheat_Valve_Command,BLDG1.ZONE.AHU04A.RM343A_LAB.Zone Reheat Valve Command,bldg1
2015-01-02T23:00:00Z,http://buildsys.org/ontologies/BLDG1#BLDG1.ZONE.AHU04A.RM343A_LAB.Zone_Reheat_Valve_Command,10.8,https://brickschema.org/schema/Brick#Reheat_Valve_Command,BLDG1.ZONE.AHU04A.RM343A_LAB.Zone Reheat Valve Command,bldg1
2015-01-02T23:15:00Z,http://buildsys.org/ontologies/BLDG1#BLDG1.ZONE.AHU04A.RM343A_LAB.Zone_Reheat_Valve_Command,20.0,https://brickschema.org/schema/Brick#Reheat_Valve_Command,BLDG1.ZONE.AHU04A.RM343A_LAB.Zone Reheat Valve Command,bldg1
2015-01-02T23:30:00Z,http://buildsys.org/ontologies/BLDG1#BLDG1.ZONE.AHU04A.RM343A_LAB.Zone_Reheat_Valve_Command,18.8,https://brickschema.org/schema/Brick#Reheat_Valve_Command,BLDG1.ZONE.AHU04A.RM343A_LAB.Zone Reheat Valve Command,bldg1
2015-01-02T23:45:00Z,http://buildsys.org/ontologies/BLDG1#BLDG1.ZONE.AHU04A.RM343A_LAB.Zone_Reheat_Valve_Command,24.0,https://brickschema.org/schema/Brick#Reheat_Valve_Command,BLDG1.ZONE.AHU04A.RM343A_LAB.Zone Reheat Valve Command,bldg1
