time,id,value,type,label,site
2015-01-01T00:00:00Z,http:/buildsys.org/ontologies/BLDG1#BLDG1.ZONE.AHU05A.RM122_LAB.Zone_Supply_Air_Temp,119.5,https:/brickschema.org/schema/Brick#Supply_Air_Temperature_Sensor,BLDG1.ZONE.AHU05A.RM122_LAB.Zone Supply Air Temp,bldg1
2015-01-01T00:15:00Z,http:/buildsys.org/ontologies/BLDG1#BLDG1.ZONE.AHU05A.RM122_LAB.Zone_Supply_Air_Temp,119.0,https:/brickschema.org/schema/Brick#Supply_Air_Temperature_Sensor,BLDG1.ZONE.AHU05A.RM122_LAB.Zone Supply Air Temp,bldg1
2015-01-01T00:30:00Z,http:/buildsys.org/ontologies/BLDG1#BLDG1.ZONE.AHU05A.RM122_LAB.Zone_Supply_Air_Temp,118.5,https:/brickschema.org/schema/Brick#Supply_Air_Temperature_Sensor,BLDG1.ZONE.AHU05A.RM122_LAB.Zone Supply Air Temp,bldg1
2015-01-01T00:45:00Z,http:/buildsys.org/ontologies/BLDG1#BLDG1.ZONE.AHU05A.RM122_LAB.Zone_Supply_Air_Temp,117.5,https:/brickschema.org/schema/Brick#Supply_Air_Temperature_Sensor,BLDG1.ZONE.AHU05A.RM122_LAB.Zone Supply Air Temp,bldg1
2015-01-01T01:00:00Z,http:/buildsys.org/ontologies/BLDG1#BLDG1.ZONE.AHU05A.RM122_LAB.Zone_Supply_Air_Temp,117.0,https:/brickschema.org/schema/Brick#Supply_Air_Temperature_Sensor,BLDG1.ZONE.AHU05A.RM122_LAB.Zone Supply Air Temp,bldg1
2015-01-01T01:15:00Z,http:/buildsys.org/ontologies/BLDG1#BLDG1.ZONE.AHU05A.RM122_LAB.Zone_Supply_Air_Temp,117.0,https:/brickschema.org/schema/Brick#Supply_Air_Temperature_Sensor,BLDG1.ZONE.AHU05A.RM122_LAB.Zone Supply Air Temp,bldg1
2015-01-01T01:30:00Z,http:/buildsys.org/ontologies/BLDG1#BLDG1.ZONE.AHU05A.RM122_LAB.Zone_Supply_Air_Temp,117.5,https:/brickschema.org/schema/Brick#Supply_Air_Temperature_Sensor,BLDG1.ZONE.AHU05A.RM122_LAB.Zone Supply Air Temp,bldg1
2015-01-01T01:45:00Z,http:/buildsys.org/ontologies/BLDG1#BLDG1.ZONE.AHU05A.RM122_LAB.Zone_Supply_Air_Temp,117.5,https:/brickschema.org/schema/Brick#Supply_Air_Temperature_Sensor,BLDG1.ZONE.AHU05A.RM122_LAB.Zone Supply Air Temp,bldg1
2015-01-01T02:00:00Z,http:/buildsys.org/ontologies/BLDG1#BLDG1.ZONE.AHU05A.RM122_LAB.Zone_Supply_Air_Temp,117.5,https:/brickschema.org/schema/Brick#Supply_Air_Temperature_Sensor,BLDG1.ZONE.AHU05A.RM122_LAB.Zone Supply Air Temp,bldg1
2015-01-01T02:15:00Z,http:/buildsys.org/ontologies/BLDG1#BLDG1.ZONE.AHU05A.RM122_LAB.Zone_Supply_Air_Temp,117.5,https:/brickschema.org/schema/Brick#Supply_Air_Temperature_Sensor,BLDG1.ZONE.AHU05A.RM122_LAB.Zone Supply Air Temp,bldg1
2015-01-01T02:30:00Z,http:/buildsys.org/ontologies/BLDG1#BLDG1.ZONE.AHU05A.RM122_LAB.Zone_Supply_Air_Temp,117.5,https:/brickschema.org/schema/Brick#Supply_Air_Temperature_Sensor,BLDG1.ZONE.AHU05A.RM122_LAB.Zone Supply Air Temp,bldg1
2015-01-01T02:45:00Z,http:/buildsys.org/ontologies/BLDG1#BLDG1.ZONE.AHU05A.RM122_LAB.Zone_Supply_Air_Temp,117.5,https:/brickschema.org/schema/Brick#Supply_Air_Temperature_Sensor,BLDG1.ZONE.AHU05A.RM122_LAB.Zone Supply Air Temp,bldg1
2015-01-01T03:00:00Z,http:/buildsys.org/ontologies/BLDG1#BLDG1.ZONE.AHU05A.RM122_LAB.Zone_Supply_Air_Temp,117.5,https:/brickschema.org/schema/Brick#Supply_Air_Temperature_Sensor,BLDG1.ZONE.AHU05A.RM122_LAB.Zone Supply Air Temp,bldg1
2015-01-01T03:15:00Z,http:/buildsys.org/ontologies/BLDG1#BLDG1.ZONE.AHU05A.RM122_LAB.Zone_Supply_Air_Temp,117.0,https:/brickschema.org/schema/Brick#Supply_Air_Temperature_Sensor,BLDG1.ZONE.AHU05A.RM122_LAB.Zone Supply Air Temp,bldg1
2015-01-01T03:30:00Z,http:/buildsys.org/ontologies/BLDG1#BLDG1.ZONE.AHU05A.RM122_LAB.Zone_Supply_Air_Temp,117.5,https:/brickschema.org/schema/Brick#Supply_Air_Temperature_Sensor,BLDG1.ZONE.AHU05A.RM122_LAB.Zone Supply Air Temp,bldg1
2015-01-01T03:45:00Z,http:/buildsys.org/ontologies/BLDG1#BLDG1.ZONE.AHU05A.RM122_LAB.Zone_Supply_Air_Temp,41.5,https:/brickschema.org/schema/Brick#Supply_Air_Temperature_Sensor,BLDG1.ZONE.AHU05A.RM122_LAB.Zone Supply Air Temp,bldg1
2015-01-01T04:00:00Z,http:/buildsys.org/ontologies/BLDG1#BLDG1.ZONE.AHU05A.RM122_LAB.Zone_Supply_Air_Temp,108.0,https:/brickschema.org/schema/Brick#Supply_Air_Temperature_Sensor,BLDG1.ZONE.AHU05A.RM122_LAB.Zone Supply Air Temp,bldg1
2015-01-01T04:15:00Z,http:/buildsys.org/ontologies/BLDG1#BLDG1.ZONE.AHU05A.RM122_LAB.Zone_Supply_Air_Temp,113.5,https:/brickschema.org/schema/Brick#Supply_Air_Temperature_Sensor,BLDG1.ZONE.AHU05A.RM122_LAB.Zone Supply Air Temp,bldg1
2015-01-01T04:30:00Z,http:/buildsys.org/ontologies/BLDG1#BLDG1.ZONE.AHU05A.RM122_LAB.Zone_Supply_Air_Temp,117.0,https:/brickschema.org/schema/Brick#Supply_Air_Temperature_Sensor,BLDG1.ZONE.AHU05A.RM122_LAB.Zone Supply Air Temp,bldg1
2015-01-01T04:45:00Z,http:/buildsys.org/ontologies/BLDG1#BLDG1.ZONE.AHU05A.RM122_LAB.Zone_Supply_Air_Temp,117.5,https:/brickschema.org/schema/Brick#Supply_Air_Temperature_Sensor,BLDG1.ZONE.AHU05A.RM122_LAB.Zone Supply Air Temp,bldg1
2015-01-01T05:00:00Z,http:/buildsys.org/ontologies/BLDG1#BLDG1.ZONE.AHU05A.RM122_LAB.Zone_Supply_Air_Temp,119.0,https:/brickschema.org/schema/Brick#Supply_Air_Temperature_Sensor,BLDG1.ZONE.AHU05A.RM122_LAB.Zone Supply Air Temp,bldg1
2015-01-01T05:15:00Z,http:/buildsys.org/ontologies/BLDG1#BLDG1.ZONE.AHU05A.RM122_LAB.Zone_Supply_Air_Temp,119.5,https:/brickschema.org/schema/Brick#Supply_Air_Temperature_Sensor,BLDG1.ZONE.AHU05A.RM122_LAB.Zone Supply Air Temp,bldg1
2015-01-01T05:30:00Z,http:/buildsys.org/ontologies/BLDG1#BLDG1.ZONE.AHU05A.RM122_LAB.Zone_Supply_Air_Temp,117.0,https:/brickschema.org/schema/Brick#Supply_Air_Temperature_Sensor,BLDG1.ZONE.AHU05A.RM122_LAB.Zone Supply Air Temp,bldg1
2015-01-01T05:45:00Z,http:/buildsys.org/ontologies/BLDG1#BLDG1.ZONE.AHU05A.RM122_LAB.Zone_Supply_Air_Temp,117.5,https:/brickschema.org/schema/Brick#Supply_Air_Temperature_Sensor,BLDG1.ZONE.AHU05A.RM122_LAB.Zone Supply Air Temp,bldg1
2015-01-01T06:00:00Z,http:/buildsys.org/ontologies/BLDG1#BLDG1.ZONE.AHU05A.RM122_LAB.Zone_Supply_Air_Temp,92.0,https:/brickschema.org/schema/Brick#Supply_Air_Temperature_Sensor,BLDG1.ZONE.AHU05A.RM122_LAB.Zone Supply Air Temp,bldg1
2015-01-01T06:15:00Z,http:/buildsys.org/ontologies/BLDG1#BLDG1.ZONE.AHU05A.RM122_LAB.Zone_Supply_Air_Temp,116.5,https:/brickschema.org/schema/Brick#Supply_Air_Temperature_Sensor,BLDG1.ZONE.AHU05A.RM122_LAB.Zone Supply Air Temp,bldg1
2015-01-01T06:30:00Z,http:/buildsys.org/ontologies/BLDG1#BLDG1.ZONE.AHU05A.RM122_LAB.Zone_Supply_Air_Temp,117.5,https:/brickschema.org/schema/Brick#Supply_Air_Temperature_Sensor,BLDG1.ZONE.AHU05A.RM122_LAB.Zone Supply Air Temp,bldg1
2015-01-01T06:45:00Z,http:/buildsys.org/ontologies/BLDG1#BLDG1.ZONE.AHU05A.RM122_LAB.Zone_Supply_Air_Temp,117.5,https:/brickschema.org/schema/Brick#Supply_Air_Temperature_Sensor,BLDG1.ZONE.AHU05A.RM122_LAB.Zone Supply Air Temp,bldg1
2015-01-01T07:00:00Z,http:/buildsys.org/ontologies/BLDG1#BLDG1.ZONE.AHU05A.RM122_LAB.Zone_Supply_Air_Temp,117.0,https:/brickschema.org/schema/Brick#Supply_Air_Temperature_Sensor,BLDG1.ZONE.AHU05A.RM122_LAB.Zone Supply Air Temp,bldg1
2015-01-01T07:15:00Z,http:/buildsys.org/ontologies/BLDG1#BLDG1.ZONE.AHU05A.RM122_LAB.Zone_Supply_Air_Temp,117.5,https:/brickschema.org/schema/Brick#Supply_Air_Temperature_Sensor,BLDG1.ZONE.AHU05A.RM122_LAB.Zone Supply Air Temp,bldg1
2015-01-01T07:30:00Z,http:/buildsys.org/ontologies/BLDG1#BLDG1.ZONE.AHU05A.RM122_LAB.Zone_Supply_Air_Temp,117.5,https:/brickschema.org/schema/Brick#Supply_Air_Temperature_Sensor,BLDG1.ZONE.AHU05A.RM122_LAB.Zone Supply Air Temp,bldg1
2015-01-01T07:45:00Z,http:/buildsys.org/ontologies/BLDG1#BLDG1.ZONE.AHU05A.RM122_LAB.Zone_Supply_Air_Temp,117.5,https:/brickschema.org/schema/Brick#Supply_Air_Temperature_Sensor,BLDG1.ZONE.AHU05A.RM122_LAB.Zone Supply Air Temp,bldg1
2015-01-01T08:00:00Z,http:/buildsys.org/ontologies/BLDG1#BLDG1.ZONE.AHU05A.RM122_LAB.Zone_Supply_Air_Temp,117.5,https:/brickschema.org/schema/Brick#Supply_Air_Temperature_Sensor,BLDG1.ZONE.AHU05A.RM122_LAB.Zone Supply Air Temp,bldg1
2015-01-01T08:15:00Z,http:/buildsys.org/ontologies/BLDG1#BLDG1.ZONE.AHU05A.RM122_LAB.Zone_Supply_Air_Temp,117.5,https:/brickschema.org/schema/Brick#Supply_Air_Temperature_Sensor,BLDG1.ZONE.AHU05A.RM122_LAB.Zone Supply Air Temp,bldg1
2015-01-01T08:30:00Z,http:/buildsys.org/ontologies/BLDG1#BLDG1.ZONE.AHU05A.RM122_LAB.Zone_Supply_Air_Temp,117.5,https:/brickschema.org/schema/Brick#Supply_Air_Temperature_Sensor,BLDG1.ZONE.AHU05A.RM122_LAB.Zone Supply Air Temp,bldg1
2015-01-01T08:45:00Z,http:/buildsys.org/ontologies/BLDG1#BLDG1.ZONE.AHU05A.RM122_LAB.Zone_Supply_Air_Temp,117.5,https:/brickschema.org/schema/Brick#Supply_Air_Temperature_Sensor,BLDG1.ZONE.AHU05A.RM122_LAB.Zone Supply Air Temp,bldg1
2015-01-01T09:00:00Z,http:/buildsys.org/ontologies/BLDG1#BLDG1.ZONE.AHU05A.RM122_LAB.Zone_Supply_Air_Temp,118.0,https:/brickschema.org/schema/Brick#Supply_Air_Temperature_Sensor,BLDG1.ZONE.AHU05A.RM122_LAB.Zone Supply Air Temp,bldg1
2015-01-01T09:15:00Z,http:/buildsys.org/ontologies/BLDG1#BLDG1.ZONE.AHU05A.RM122_LAB.Zone_Supply_Air_Temp,118.0,https:/brickschema.org/schema/Brick#Supply_Air_Temperature_Sensor,BLDG1.ZONE.AHU05A.RM122_LAB.Zone Supply Air Temp,bldg1
2015-01-01T09:30:00Z,http:/buildsys.org/ontologies/BLDG1#BLDG1.ZONE.AHU05A.RM122_LAB.Zone_Supply_Air_Temp,118.0,https:/brickschema.org/schema/Brick#Supply_Air_Temperature_Sensor,BLDG1.ZONE.AHU05A.RM122_LAB.Zone Supply Air Temp,bldg1
2015-01-01T09:45:00Z,http:/buildsys.org/ontologies/BLDG1#BLDG1.ZONE.AHU05A.RM122_LAB.Zone_Supply_Air_Temp,118.5,https:/brickschema.org/schema/Brick#Supply_Air_Temperature_Sensor,BLDG1.ZONE.AHU05A.RM122_LAB.Zone Supply Air Temp,bldg1
2015-01-01T10:00:00Z,http:/buildsys.org/ontologies/BLDG1#BLDG1.ZONE.AHU05A.RM122_LAB.Zone_Supply_Air_Temp,118.5,https:/brickschema.org/schema/Brick#Supply_Air_Temperature_Sensor,BLDG1.ZONE.AHU05A.RM122_LAB.Zone Supply Air Temp,bldg1
2015-01-01T10:15:00Z,http:/buildsys.org/ontologies/BLDG1#BLDG1.ZONE.AHU05A.RM122_LAB.Zone_Supply_Air_Temp,118.5,https:/brickschema.org/schema/Brick#Supply_Air_Temperature_Sensor,BLDG1.ZONE.AHU05A.RM122_LAB.Zone Supply Air Temp,bldg1
2015-01-01T10:30:00Z,http:/buildsys.org/ontologies/BLDG1#BLDG1.ZONE.AHU05A.RM122_LAB.Zone_Supply_Air_Temp,118.5,https:/brickschema.org/schema/Brick#Supply_Air_Temperature_Sensor,BLDG1.ZONE.AHU05A.RM122_LAB.Zone Supply Air Temp,bldg1
2015-01-01T10:45:00Z,http:/buildsys.org/ontologies/BLDG1#BLDG1.ZONE.AHU05A.RM122_LAB.Zone_Supply_Air_Temp,120.5,https:/brickschema.org/schema/Brick#Supply_Air_Temperature_Sensor,BLDG1.ZONE.AHU05A.RM122_LAB.Zone Supply Air Temp,bldg1
2015-01-01T11:00:00Z,http:/buildsys.org/ontologies/BLDG1#BLDG1.ZONE.AHU05A.RM122_LAB.Zone_Supply_Air_Temp,120.5,https:/brickschema.org/schema/Brick#Supply_Air_Temperature_Sensor,BLDG1.ZONE.AHU05A.RM122_LAB.Zone Supply Air Temp,bldg1
2015-01-01T11:15:00Z,http:/buildsys.org/ontologies/BLDG1#BLDG1.ZONE.AHU05A.RM122_LAB.Zone_Supply_Air_Temp,120.5,https:/brickschema.org/schema/Brick#Supply_Air_Temperature_Sensor,BLDG1.ZONE.AHU05A.RM122_LAB.Zone Supply Air Temp,bldg1
2015-01-01T11:30:00Z,http:/buildsys.org/ontologies/BLDG1#BLDG1.ZONE.AHU05A.RM122_LAB.Zone_Supply_Air_Temp,121.0,https:/brickschema.org/schema/Brick#Supply_Air_Temperature_Sensor,BLDG1.ZONE.AHU05A.RM122_LAB.Zone Supply Air Temp,bldg1
2015-01-01T11:45:00Z,http:/buildsys.org/ontologies/BLDG1#BLDG1.ZONE.AHU05A.RM122_LAB.Zone_Supply_Air_Temp,121.5,https:/brickschema.org/schema/Brick#Supply_Air_Temperature_Sensor,BLDG1.ZONE.AHU05A.RM122_LAB.Zone Supply Air Temp,bldg1
2015-01-01T12:00:00Z,http:/buildsys.org/ontologies/BLDG1#BLDG1.ZONE.AHU05A.RM122_LAB.Zone_Supply_Air_Temp,122.0,https:/brickschema.org/schema/Brick#Supply_Air_Temperature_Sensor,BLDG1.ZONE.AHU05A.RM122_LAB.Zone Supply Air Temp,bldg1
2015-01-01T12:15:00Z,http:/buildsys.org/ontologies/BLDG1#BLDG1.ZONE.AHU05A.RM122_LAB.Zone_Supply_Air_Temp,122.0,https:/brickschema.org/schema/Brick#Supply_Air_Temperature_Sensor,BLDG1.ZONE.AHU05A.RM122_LAB.Zone Supply Air Temp,bldg1
2015-01-01T12:30:00Z,http:/buildsys.org/ontologies/BLDG1#BLDG1.ZONE.AHU05A.RM122_LAB.Zone_Supply_Air_Temp,122.5,https:/brickschema.org/schema/Brick#Supply_Air_Temperature_Sensor,BLDG1.ZONE.AHU05A.RM122_LAB.Zone Supply Air Temp,bldg1
2015-01-01T12:45:00Z,http:/buildsys.org/ontologies/BLDG1#BLDG1.ZONE.AHU05A.RM122_LAB.Zone_Supply_Air_Temp,123.0,https:/brickschema.org/schema/Brick#Supply_Air_Temperature_Sensor,BLDG1.ZONE.AHU05A.RM122_LAB.Zone Supply Air Temp,bldg1
2015-01-01T13:00:00Z,http:/buildsys.org/ontologies/BLDG1#BLDG1.ZONE.AHU05A.RM122_LAB.Zone_Supply_Air_Temp,123.0,https:/brickschema.org/schema/Brick#Supply_Air_Temperature_Sensor,BLDG1.ZONE.AHU05A.RM122_LAB.Zone Supply Air Temp,bldg1
2015-01-01T13:15:00Z,http:/buildsys.org/ontologies/BLDG1#BLDG1.ZONE.AHU05A.RM122_LAB.Zone_Supply_Air_Temp,123.0,https:/brickschema.org/schema/Brick#Supply_Air_Temperature_Sensor,BLDG1.ZONE.AHU05A.RM122_LAB.Zone Supply Air Temp,bldg1
2015-01-01T13:30:00Z,http:/buildsys.org/ontologies/BLDG1#BLDG1.ZONE.AHU05A.RM122_LAB.Zone_Supply_Air_Temp,123.0,https:/brickschema.org/schema/Brick#Supply_Air_Temperature_Sensor,BLDG1.ZONE.AHU05A.RM122_LAB.Zone Supply Air Temp,bldg1
2015-01-01T13:45:00Z,http:/buildsys.org/ontologies/BLDG1#BLDG1.ZONE.AHU05A.RM122_LAB.Zone_Supply_Air_Temp,123.0,https:/brickschema.org/schema/Brick#Supply_Air_Temperature_Sensor,BLDG1.ZONE.AHU05A.RM122_LAB.Zone Supply Air Temp,bldg1
2015-01-01T14:00:00Z,http:/buildsys.org/ontologies/BLDG1#BLDG1.ZONE.AHU05A.RM122_LAB.Zone_Supply_Air_Temp,123.0,https:/brickschema.org/schema/Brick#Supply_Air_Temperature_Sensor,BLDG1.ZONE.AHU05A.RM122_LAB.Zone Supply Air Temp,bldg1
2015-01-01T14:15:00Z,http:/buildsys.org/ontologies/BLDG1#BLDG1.ZONE.AHU05A.RM122_LAB.Zone_Supply_Air_Temp,123.5,https:/brickschema.org/schema/Brick#Supply_Air_Temperature_Sensor,BLDG1.ZONE.AHU05A.RM122_LAB.Zone Supply Air Temp,bldg1
2015-01-01T14:30:00Z,http:/buildsys.org/ontologies/BLDG1#BLDG1.ZONE.AHU05A.RM122_LAB.Zone_Supply_Air_Temp,123.5,https:/brickschema.org/schema/Brick#Supply_Air_Temperature_Sensor,BLDG1.ZONE.AHU05A.RM122_LAB.Zone Supply Air Temp,bldg1
2015-01-01T14:45:00Z,http:/buildsys.org/ontologies/BLDG1#BLDG1.ZONE.AHU05A.RM122_LAB.Zone_Supply_Air_Temp,123.5,https:/brickschema.org/schema/Brick#Supply_Air_Temperature_Sensor,BLDG1.ZONE.AHU05A.RM122_LAB.Zone Supply Air Temp,bldg1
2015-01-01T15:00:00Z,http:/buildsys.org/ontologies/BLDG1#BLDG1.ZONE.AHU05A.RM122_LAB.Zone_Supply_Air_Temp,99.0,https:/brickschema.org/schema/Brick#Supply_Air_Temperature_Sensor,BLDG1.ZONE.AHU05A.RM122_LAB.Zone Supply Air Temp,bldg1
2015-01-01T15:15:00Z,http:/buildsys.org/ontologies/BLDG1#BLDG1.ZONE.AHU05A.RM122_LAB.Zone_Supply_Air_Temp,123.0,https:/brickschema.org/schema/Brick#Supply_Air_Temperature_Sensor,BLDG1.ZONE.AHU05A.RM122_LAB.Zone Supply Air Temp,bldg1
2015-01-01T15:30:00Z,http:/buildsys.org/ontologies/BLDG1#BLDG1.ZONE.AHU05A.RM122_LAB.Zone_Supply_Air_Temp,123.0,https:/brickschema.org/schema/Brick#Supply_Air_Temperature_Sensor,BLDG1.ZONE.AHU05A.RM122_LAB.Zone Supply Air Temp,bldg1
2015-01-01T15:45:00Z,http:/buildsys.org/ontologies/BLDG1#BLDG1.ZONE.AHU05A.RM122_LAB.Zone_Supply_Air_Temp,123.0,https:/brickschema.org/schema/Brick#Supply_Air_Temperature_Sensor,BLDG1.ZONE.AHU05A.RM122_LAB.Zone Supply Air Temp,bldg1
2015-01-01T16:00:00Z,http:/buildsys.org/ontologies/BLDG1#BLDG1.ZONE.AHU05A.RM122_LAB.Zone_Supply_Air_Temp,123.0,https:/brickschema.org/schema/Brick#Supply_Air_Temperature_Sensor,BLDG1.ZONE.AHU05A.RM122_LAB.Zone Supply Air Temp,bldg1
2015-01-01T16:15:00Z,http:/buildsys.org/ontologies/BLDG1#BLDG1.ZONE.AHU05A.RM122_LAB.Zone_Supply_Air_Temp,122.5,https:/brickschema.org/schema/Brick#Supply_Air_Temperature_Sensor,BLDG1.ZONE.AHU05A.RM122_LAB.Zone Supply Air Temp,bldg1
2015-01-01T16:30:00Z,http:/buildsys.org/ontologies/BLDG1#BLDG1.ZONE.AHU05A.RM122_LAB.Zone_Supply_Air_Temp,122.0,https:/brickschema.org/schema/Brick#Supply_Air_Temperature_Sensor,BLDG1.ZONE.AHU05A.RM122_LAB.Zone Supply Air Temp,bldg1
2015-01-01T16:45:00Z,http:/buildsys.org/ontologies/BLDG1#BLDG1.ZONE.AHU05A.RM122_LAB.Zone_Supply_Air_Temp,122.0,https:/brickschema.org/schema/Brick#Supply_Air_Temperature_Sensor,BLDG1.ZONE.AHU05A.RM122_LAB.Zone Supply Air Temp,bldg1
2015-01-01T17:00:00Z,http:/buildsys.org/ontologies/BLDG1#BLDG1.ZONE.AHU05A.RM122_LAB.Zone_Supply_Air_Temp,121.5,https:/brickschema.org/schema/Brick#Supply_Air_Temperature_Sensor,BLDG1.ZONE.AHU05A.RM122_LAB.Zone Supply Air Temp,bldg1
2015-01-01T17:15:00Z,http:/buildsys.org/ontologies/BLDG1#BLDG1.ZONE.AHU05A.RM122_LAB.Zone_Supply_Air_Temp,121.0,https:/brickschema.org/schema/Brick#Supply_Air_Temperature_Sensor,BLDG1.ZONE.AHU05A.RM122_LAB.Zone Supply Air Temp,bldg1
2015-01-01T17:30:00Z,http:/buildsys.org/ontologies/BLDG1#BLDG1.ZONE.AHU05A.RM122_LAB.Zone_Supply_Air_Temp,121.5,https:/brickschema.org/schema/Brick#Supply_Air_Temperature_Sensor,BLDG1.ZONE.AHU05A.RM122_LAB.Zone Supply Air Temp,bldg1
2015-01-01T17:45:00Z,http:/buildsys.org/ontologies/BLDG1#BLDG1.ZONE.AHU05A.RM122_LAB.Zone_Supply_Air_Temp,120.5,https:/brickschema.org/schema/Brick#Supply_Air_Temperature_Sensor,BLDG1.ZONE.AHU05A.RM122_LAB.Zone Supply Air Temp,bldg1
2015-01-01T18:00:00Z,http:/buildsys.org/ontologies/BLDG1#BLDG1.ZONE.AHU05A.RM122_LAB.Zone_Supply_Air_Temp,121.0,https:/brickschema.org/schema/Brick#Supply_Air_Temperature_Sensor,BLDG1.ZONE.AHU05A.RM122_LAB.Zone Supply Air Temp,bldg1
2015-01-01T18:15:00Z,http:/buildsys.org/ontologies/BLDG1#BLDG1.ZONE.AHU05A.RM122_LAB.Zone_Supply_Air_Temp,120.5,https:/brickschema.org/schema/Brick#Supply_Air_Temperature_Sensor,BLDG1.ZONE.AHU05A.RM122_LAB.Zone Supply Air Temp,bldg1
2015-01-01T18:30:00Z,http:/buildsys.org/ontologies/BLDG1#BLDG1.ZONE.AHU05A.RM122_LAB.Zone_Supply_Air_Temp,120.5,https:/brickschema.org/schema/Brick#Supply_Air_Temperature_Sensor,BLDG1.ZONE.AHU05A.RM122_LAB.Zone Supply Air Temp,bldg1
2015-01-01T18:45:00Z,http:/buildsys.org/ontologies/BLDG1#BLDG1.ZONE.AHU05A.RM122_LAB.Zone_Supply_Air_Temp,120.0,https:/brickschema.org/schema/Brick#Supply_Air_Temperature_Sensor,BLDG1.ZONE.AHU05A.RM122_LAB.Zone Supply Air Temp,bldg1
2015-01-01T19:00:00Z,http:/buildsys.org/ontologies/BLDG1#BLDG1.ZONE.AHU05A.RM122_LAB.Zone_Supply_Air_Temp,120.0,https:/brickschema.org/schema/Brick#Supply_Air_Temperature_Sensor,BLDG1.ZONE.AHU05A.RM122_LAB.Zone Supply Air Temp,bldg1
2015-01-01T19:15:00Z,http:/buildsys.org/ontologies/BLDG1#BLDG1.ZONE.AHU05A.RM122_LAB.Zone_Supply_Air_Temp,120.0,https:/brickschema.org/schema/Brick#Supply_Air_Temperature_Sensor,BLDG1.ZONE.AHU05A.RM122_LAB.Zone Supply Air Temp,bldg1
2015-01-01T19:30:00Z,http:/buildsys.org/ontologies/BLDG1#BLDG1.ZONE.AHU05A.RM122_LAB.Zone_Supply_Air_Temp,120.0,https:/brickschema.org/schema/Brick#Supply_Air_Temperature_Sensor,BLDG1.ZONE.AHU05A.RM122_LAB.Zone Supply Air Temp,bldg1
2015-01-01T19:45:00Z,http:/buildsys.org/ontologies/BLDG1#BLDG1.ZONE.AHU05A.RM122_LAB.Zone_Supply_Air_Temp,119.5,https:/brickschema.org/schema/Brick#Supply_Air_Temperature_Sensor,BLDG1.ZONE.AHU05A.RM122_LAB.Zone Supply Air Temp,bldg1
2015-01-01T20:00:00Z,http:/buildsys.org/ontologies/BLDG1#BLDG1.ZONE.AHU05A.RM122_LAB.Zone_Supply_Air_Temp,119.5,https:/brickschema.org/schema/Brick#Supply_Air_Temperature_Sensor,BLDG1.ZONE.AHU05A.RM122_LAB.Zone Supply Air Temp,bldg1
2015-01-01T20:15:00Z,http:/buildsys.org/ontologies/BLDG1#BLDG1.ZONE.AHU05A.RM122_LAB.Zone_Supply_Air_Temp,119.0,https:/brickschema.org/schema/Brick#Supply_Air_Temperature_Sensor,BLDG1.ZONE.AHU05A.RM122_LAB.Zone Supply Air Temp,bldg1
2015-01-01T20:30:00Z,http:/buildsys.org/ontologies/BLDG1#BLDG1.ZONE.AHU05A.RM122_LAB.Zone_Supply_Air_Temp,119.5,https:/brickschema.org/schema/Brick#Supply_Air_Temperature_Sensor,BLDG1.ZONE.AHU05A.RM122_LAB.Zone Supply Air Temp,bldg1
2015-01-01T20:45:00Z,http:/buildsys.org/ontologies/BLDG1#BLDG1.ZONE.AHU05A.RM122_LAB.Zone_Supply_Air_Temp,119.0,https:/brickschema.org/schema/Brick#Supply_Air_Temperature_Sensor,BLDG1.ZONE.AHU05A.RM122_LAB.Zone Supply Air Temp,bldg1
2015-01-01T21:00:00Z,http:/buildsys.org/ontologies/BLDG1#BLDG1.ZONE.AHU05A.RM122_LAB.Zone_Supply_Air_Temp,118.5,https:/brickschema.org/schema/Brick#Supply_Air_Temperature_Sensor,BLDG1.ZONE.AHU05A.RM122_LAB.Zone Supply Air Temp,bldg1
2015-01-01T21:15:00Z,http:/buildsys.org/ontologies/BLDG1#BLDG1.ZONE.AHU05A.RM122_LAB.Zone_Supply_Air_Temp,119.0,https:/brickschema.org/schema/Brick#Supply_Air_Temperature_Sensor,BLDG1.ZONE.AHU05A.RM122_LAB.Zone Supply Air Temp,bldg1
2015-01-01T21:30:00Z,http:/buildsys.org/ontologies/BLDG1#BLDG1.ZONE.AHU05A.RM122_LAB.Zone_Supply_Air_Temp,118.5,https:/brickschema.org/schema/Brick#Supply_Air_Temperature_Sensor,BLDG1.ZONE.AHU05A.RM122_LAB.Zone Supply Air Temp,bldg1
2015-01-01T21:45:00Z,http:/buildsys.org/ontologies/BLDG1#BLDG1.ZONE.AHU05A.RM122_LAB.Zone_Supply_Air_Temp,118.5,https:/brickschema.org/schema/Brick#Supply_Air_Temperature_Sensor,BLDG1.ZONE.AHU05A.RM122_LAB.Zone Supply Air Temp,bldg1
2015-01-01T22:00:00Z,http:/buildsys.org/ontologies/BLDG1#BLDG1.ZONE.AHU05A.RM122_LAB.Zone_Supply_Air_Temp,117.5,https:/brickschema.org/schema/Brick#Supply_Air_Temperature_Sensor,BLDG1.ZONE.AHU05A.RM122_LAB.Zone Supply Air Temp,bldg1
2015-01-01T22:15:00Z,http:/buildsys.org/ontologies/BLDG1#BLDG1.ZONE.AHU05A.RM122_LAB.Zone_Supply_Air_Temp,117.5,https:/brickschema.org/schema/Brick#Supply_Air_Temperature_Sensor,BLDG1.ZONE.AHU05A.RM122_LAB.Zone Supply Air Temp,bldg1
2015-01-01T22:30:00Z,http:/buildsys.org/ontologies/BLDG1#BLDG1.ZONE.AHU05A.RM122_LAB.Zone_Supply_Air_Temp,117.5,https:/brickschema.org/schema/Brick#Supply_Air_Temperature_Sensor,BLDG1.ZONE.AHU05A.RM122_LAB.Zone Supply Air Temp,bldg1
2015-01-01T22:45:00Z,http:/buildsys.org/ontologies/BLDG1#BLDG1.ZONE.AHU05A.RM122_LAB.Zone_Supply_Air_Temp,117.5,https:/brickschema.org/schema/Brick#Supply_Air_Temperature_Sensor,BLDG1.ZONE.AHU05A.RM122_LAB.Zone Supply Air Temp,bldg1
2015-01-01T23:00:00Z,http:/buildsys.org/ontologies/BLDG1#BLDG1.ZONE.AHU05A.RM122_LAB.Zone_Supply_Air_Temp,117.0,https:/brickschema.org/schema/Brick#Supply_Air_Temperature_Sensor,BLDG1.ZONE.AHU05A.RM122_LAB.Zone Supply Air Temp,bldg1
2015-01-01T23:15:00Z,http:/buildsys.org/ontologies/BLDG1#BLDG1.ZONE.AHU05A.RM122_LAB.Zone_Supply_Air_Temp,117.0,https:/brickschema.org/schema/Brick#Supply_Air_Temperature_Sensor,BLDG1.ZONE.AHU05A.RM122_LAB.Zone Supply Air Temp,bldg1
2015-01-01T23:30:00Z,http:/buildsys.org/ontologies/BLDG1#BLDG1.ZONE.AHU05A.RM122_LAB.Zone_Supply_Air_Temp,117.0,https:/brickschema.org/schema/Brick#Supply_Air_Temperature_Sensor,BLDG1.ZONE.AHU05A.RM122_LAB.Zone Supply Air Temp,bldg1
2015-01-01T23:45:00Z,http:/buildsys.org/ontologies/BLDG1#BLDG1.ZONE.AHU05A.RM122_LAB.Zone_Supply_Air_Temp,117.0,https:/brickschema.org/schema/Brick#Supply_Air_Temperature_Sensor,BLDG1.ZONE.AHU05A.RM122_LAB.Zone Supply Air Temp,bldg1
2015-01-02T00:00:00Z,http:/buildsys.org/ontologies/BLDG1#BLDG1.ZONE.AHU05A.RM122_LAB.Zone_Supply_Air_Temp,91.0,https:/brickschema.org/schema/Brick#Supply_Air_Temperature_Sensor,BLDG1.ZONE.AHU05A.RM122_LAB.Zone Supply Air Temp,bldg1
2015-01-02T00:15:00Z,http:/buildsys.org/ontologies/BLDG1#BLDG1.ZONE.AHU05A.RM122_LAB.Zone_Supply_Air_Temp,117.5,https:/brickschema.org/schema/Brick#Supply_Air_Temperature_Sensor,BLDG1.ZONE.AHU05A.RM122_LAB.Zone Supply Air Temp,bldg1
2015-01-02T00:30:00Z,http:/buildsys.org/ontologies/BLDG1#BLDG1.ZONE.AHU05A.RM122_LAB.Zone_Supply_Air_Temp,117.5,https:/brickschema.org/schema/Brick#Supply_Air_Temperature_Sensor,BLDG1.ZONE.AHU05A.RM122_LAB.Zone Supply Air Temp,bldg1
2015-01-02T00:45:00Z,http:/buildsys.org/ontologies/BLDG1#BLDG1.ZONE.AHU05A.RM122_LAB.Zone_Supply_Air_Temp,116.5,https:/brickschema.org/schema/Brick#Supply_Air_Temperature_Sensor,BLDG1.ZONE.AHU05A.RM122_LAB.Zone Supply Air Temp,bldg1
2015-01-02T01:00:00Z,http:/buildsys.org/ontologies/BLDG1#BLDG1.ZONE.AHU05A.RM122_LAB.Zone_Supply_Air_Temp,116.5,https:/brickschema.org/schema/Brick#Supply_Air_Temperature_Sensor,BLDG1.ZONE.AHU05A.RM122_LAB.Zone Supply Air Temp,bldg1
2015-01-02T01:15:00Z,http:/buildsys.org/ontologies/BLDG1#BLDG1.ZONE.AHU05A.RM122_LAB.Zone_Supply_Air_Temp,116.5,https:/brickschema.org/schema/Brick#Supply_Air_Temperature_Sensor,BLDG1.ZONE.AHU05A.RM122_LAB.Zone Supply Air Temp,bldg1
2015-01-02T01:30:00Z,http:/buildsys.org/ontologies/BLDG1#BLDG1.ZONE.AHU05A.RM122_LAB.Zone_Supply_Air_Temp,116.5,https:/brickschema.org/schema/Brick#Supply_Air_Temperature_Sensor,BLDG1.ZONE.AHU05A.RM122_LAB.Zone Supply Air Temp,bldg1
2015-01-02T01:45:00Z,http:/buildsys.org/ontologies/BLDG1#BLDG1.ZONE.AHU05A.RM122_LAB.Zone_Supply_Air_Temp,118.0,https:/brickschema.org/schema/Brick#Supply_Air_Temperature_Sensor,BLDG1.ZONE.AHU05A.RM122_LAB.Zone Supply Air Temp,bldg1
2015-01-02T02:00:00Z,http:/buildsys.org/ontologies/BLDG1#BLDG1.ZONE.AHU05A.RM122_LAB.Zone_Supply_Air_Temp,118.5,https:/brickschema.org/schema/Brick#Supply_Air_Temperature_Sensor,BLDG1.ZONE.AHU05A.RM122_LAB.Zone Supply Air Temp,bldg1
2015-01-02T02:15:00Z,http:/buildsys.org/ontologies/BLDG1#BLDG1.ZONE.AHU05A.RM122_LAB.Zone_Supply_Air_Temp,118.5,https:/brickschema.org/schema/Brick#Supply_Air_Temperature_Sensor,BLDG1.ZONE.AHU05A.RM122_LAB.Zone Supply Air Temp,bldg1
2015-01-02T02:30:00Z,http:/buildsys.org/ontologies/BLDG1#BLDG1.ZONE.AHU05A.RM122_LAB.Zone_Supply_Air_Temp,118.5,https:/brickschema.org/schema/Brick#Supply_Air_Temperature_Sensor,BLDG1.ZONE.AHU05A.RM122_LAB.Zone Supply Air Temp,bldg1
2015-01-02T02:45:00Z,http:/buildsys.org/ontologies/BLDG1#BLDG1.ZONE.AHU05A.RM122_LAB.Zone_Supply_Air_Temp,118.5,https:/brickschema.org/schema/Brick#Supply_Air_Temperature_Sensor,BLDG1.ZONE.AHU05A.RM122_LAB.Zone Supply Air Temp,bldg1
2015-01-02T03:00:00Z,http:/buildsys.org/ontologies/BLDG1#BLDG1.ZONE.AHU05A.RM122_LAB.Zone_Supply_Air_Temp,118.5,https:/brickschema.org/schema/Brick#Supply_Air_Temperature_Sensor,BLDG1.ZONE.AHU05A.RM122_LAB.Zone Supply Air Temp,bldg1
2015-01-02T03:15:00Z,http:/buildsys.org/ontologies/BLDG1#BLDG1.ZONE.AHU05A.RM122_LAB.Zone_Supply_Air_Temp,118.5,https:/brickschema.org/schema/Brick#Supply_Air_Temperature_Sensor,BLDG1.ZONE.AHU05A.RM122_LAB.Zone Supply Air Temp,bldg1
2015-01-02T03:30:00Z,http:/buildsys.org/ontologies/BLDG1#BLDG1.ZONE.AHU05A.RM122_LAB.Zone_Supply_Air_Temp,118.5,https:/brickschema.org/schema/Brick#Supply_Air_Temperature_Sensor,BLDG1.ZONE.AHU05A.RM122_LAB.Zone Supply Air Temp,bldg1
2015-01-02T03:45:00Z,http:/buildsys.org/ontologies/BLDG1#BLDG1.ZONE.AHU05A.RM122_LAB.Zone_Supply_Air_Temp,44.0,https:/brickschema.org/schema/Brick#Supply_Air_Temperature_Sensor,BLDG1.ZONE.AHU05A.RM122_LAB.Zone Supply Air Temp,bldg1
2015-01-02T04:00:00Z,http:/buildsys.org/ontologies/BLDG1#BLDG1.ZONE.AHU05A.RM122_LAB.Zone_Supply_Air_Temp,110.0,https:/brickschema.org/schema/Brick#Supply_Air_Temperature_Sensor,BLDG1.ZONE.AHU05A.RM122_LAB.Zone Supply Air Temp,bldg1
2015-01-02T04:15:00Z,http:/buildsys.org/ontologies/BLDG1#BLDG1.ZONE.AHU05A.RM122_LAB.Zone_Supply_Air_Temp,115.0,https:/brickschema.org/schema/Brick#Supply_Air_Temperature_Sensor,BLDG1.ZONE.AHU05A.RM122_LAB.Zone Supply Air Temp,bldg1
2015-01-02T04:30:00Z,http:/buildsys.org/ontologies/BLDG1#BLDG1.ZONE.AHU05A.RM122_LAB.Zone_Supply_Air_Temp,119.5,https:/brickschema.org/schema/Brick#Supply_Air_Temperature_Sensor,BLDG1.ZONE.AHU05A.RM122_LAB.Zone Supply Air Temp,bldg1
2015-01-02T04:45:00Z,http:/buildsys.org/ontologies/BLDG1#BLDG1.ZONE.AHU05A.RM122_LAB.Zone_Supply_Air_Temp,121.5,https:/brickschema.org/schema/Brick#Supply_Air_Temperature_Sensor,BLDG1.ZONE.AHU05A.RM122_LAB.Zone Supply Air Temp,bldg1
2015-01-02T05:00:00Z,http:/buildsys.org/ontologies/BLDG1#BLDG1.ZONE.AHU05A.RM122_LAB.Zone_Supply_Air_Temp,119.0,https:/brickschema.org/schema/Brick#Supply_Air_Temperature_Sensor,BLDG1.ZONE.AHU05A.RM122_LAB.Zone Supply Air Temp,bldg1
2015-01-02T05:15:00Z,http:/buildsys.org/ontologies/BLDG1#BLDG1.ZONE.AHU05A.RM122_LAB.Zone_Supply_Air_Temp,118.5,https:/brickschema.org/schema/Brick#Supply_Air_Temperature_Sensor,BLDG1.ZONE.AHU05A.RM122_LAB.Zone Supply Air Temp,bldg1
2015-01-02T05:30:00Z,http:/buildsys.org/ontologies/BLDG1#BLDG1.ZONE.AHU05A.RM122_LAB.Zone_Supply_Air_Temp,119.0,https:/brickschema.org/schema/Brick#Supply_Air_Temperature_Sensor,BLDG1.ZONE.AHU05A.RM122_LAB.Zone Supply Air Temp,bldg1
2015-01-02T05:45:00Z,http:/buildsys.org/ontologies/BLDG1#BLDG1.ZONE.AHU05A.RM122_LAB.Zone_Supply_Air_Temp,119.0,https:/brickschema.org/schema/Brick#Supply_Air_Temperature_Sensor,BLDG1.ZONE.AHU05A.RM122_LAB.Zone Supply Air Temp,bldg1
2015-01-02T06:00:00Z,http:/buildsys.org/ontologies/BLDG1#BLDG1.ZONE.AHU05A.RM122_LAB.Zone_Supply_Air_Temp,119.0,https:/brickschema.org/schema/Brick#Supply_Air_Temperature_Sensor,BLDG1.ZONE.AHU05A.RM122_LAB.Zone Supply Air Temp,bldg1
2015-01-02T06:15:00Z,http:/buildsys.org/ontologies/BLDG1#BLDG1.ZONE.AHU05A.RM122_LAB.Zone_Supply_Air_Temp,119.0,https:/brickschema.org/schema/Brick#Supply_Air_Temperature_Sensor,BLDG1.ZONE.AHU05A.RM122_LAB.Zone Supply Air Temp,bldg1
2015-01-02T06:30:00Z,http:/buildsys.org/ontologies/BLDG1#BLDG1.ZONE.AHU05A.RM122_LAB.Zone_Supply_Air_Temp,117.0,https:/brickschema.org/schema/Brick#Supply_Air_Temperature_Sensor,BLDG1.ZONE.AHU05A.RM122_LAB.Zone Supply Air Temp,bldg1
2015-01-02T06:45:00Z,http:/buildsys.org/ontologies/BLDG1#BLDG1.ZONE.AHU05A.RM122_LAB.Zone_Supply_Air_Temp,119.5,https:/brickschema.org/schema/Brick#Supply_Air_Temperature_Sensor,BLDG1.ZONE.AHU05A.RM122_LAB.Zone Supply Air Temp,bldg1
2015-01-02T07:00:00Z,http:/buildsys.org/ontologies/BLDG1#BLDG1.ZONE.AHU05A.RM122_LAB.Zone_Supply_Air_Temp,119.5,https:/brickschema.org/schema/Brick#Supply_Air_Temperature_Sensor,BLDG1.ZONE.AHU05A.RM122_LAB.Zone Supply Air Temp,bldg1
2015-01-02T07:15:00Z,http:/buildsys.org/ontologies/BLDG1#BLDG1.ZONE.AHU05A.RM122_LAB.Zone_Supply_Air_Temp,119.0,https:/brickschema.org/schema/Brick#Supply_Air_Temperature_Sensor,BLDG1.ZONE.AHU05A.RM122_LAB.Zone Supply Air Temp,bldg1
2015-01-02T07:30:00Z,http:/buildsys.org/ontologies/BLDG1#BLDG1.ZONE.AHU05A.RM122_LAB.Zone_Supply_Air_Temp,119.5,https:/brickschema.org/schema/Brick#Supply_Air_Temperature_Sensor,BLDG1.ZONE.AHU05A.RM122_LAB.Zone Supply Air Temp,bldg1
2015-01-02T07:45:00Z,http:/buildsys.org/ontologies/BLDG1#BLDG1.ZONE.AHU05A.RM122_LAB.Zone_Supply_Air_Temp,119.0,https:/brickschema.org/schema/Brick#Supply_Air_Temperature_Sensor,BLDG1.ZONE.AHU05A.RM122_LAB.Zone Supply Air Temp,bldg1
2015-01-02T08:00:00Z,http:/buildsys.org/ontologies/BLDG1#BLDG1.ZONE.AHU05A.RM122_LAB.Zone_Supply_Air_Temp,118.5,https:/brickschema.org/schema/Brick#Supply_Air_Temperature_Sensor,BLDG1.ZONE.AHU05A.RM122_LAB.Zone Supply Air Temp,bldg1
2015-01-02T08:15:00Z,http:/buildsys.org/ontologies/BLDG1#BLDG1.ZONE.AHU05A.RM122_LAB.Zone_Supply_Air_Temp,117.5,https:/brickschema.org/schema/Brick#Supply_Air_Temperature_Sensor,BLDG1.ZONE.AHU05A.RM122_LAB.Zone Supply Air Temp,bldg1
2015-01-02T08:30:00Z,http:/buildsys.org/ontologies/BLDG1#BLDG1.ZONE.AHU05A.RM122_LAB.Zone_Supply_Air_Temp,117.5,https:/brickschema.org/schema/Brick#Supply_Air_Temperature_Sensor,BLDG1.ZONE.AHU05A.RM122_LAB.Zone Supply Air Temp,bldg1
2015-01-02T08:45:00Z,http:/buildsys.org/ontologies/BLDG1#BLDG1.ZONE.AHU05A.RM122_LAB.Zone_Supply_Air_Temp,118.0,https:/brickschema.org/schema/Brick#Supply_Air_Temperature_Sensor,BLDG1.ZONE.AHU05A.RM122_LAB.Zone Supply Air Temp,bldg1
2015-01-02T09:00:00Z,http:/buildsys.org/ontologies/BLDG1#BLDG1.ZONE.AHU05A.RM122_LAB.Zone_Supply_Air_Temp,87.5,https:/brickschema.org/schema/Brick#Supply_Air_Temperature_Sensor,BLDG1.ZONE.AHU05A.RM122_LAB.Zone Supply Air Temp,bldg1
2015-01-02T09:15:00Z,http:/buildsys.org/ontologies/BLDG1#BLDG1.ZONE.AHU05A.RM122_LAB.Zone_Supply_Air_Temp,116.5,https:/brickschema.org/schema/Brick#Supply_Air_Temperature_Sensor,BLDG1.ZONE.AHU05A.RM122_LAB.Zone Supply Air Temp,bldg1
2015-01-02T09:30:00Z,http:/buildsys.org/ontologies/BLDG1#BLDG1.ZONE.AHU05A.RM122_LAB.Zone_Supply_Air_Temp,118.0,https:/brickschema.org/schema/Brick#Supply_Air_Temperature_Sensor,BLDG1.ZONE.AHU05A.RM122_LAB.Zone Supply Air Temp,bldg1
2015-01-02T09:45:00Z,http:/buildsys.org/ontologies/BLDG1#BLDG1.ZONE.AHU05A.RM122_LAB.Zone_Supply_Air_Temp,118.5,https:/brickschema.org/schema/Brick#Supply_Air_Temperature_Sensor,BLDG1.ZONE.AHU05A.RM122_LAB.Zone Supply Air Temp,bldg1
2015-01-02T10:00:00Z,http:/buildsys.org/ontologies/BLDG1#BLDG1.ZONE.AHU05A.RM122_LAB.Zone_Supply_Air_Temp,118.5,https:/brickschema.org/schema/Brick#Supply_Air_Temperature_Sensor,BLDG1.ZONE.AHU05A.RM122_LAB.Zone Supply Air Temp,bldg1
2015-01-02T10:15:00Z,http:/buildsys.org/ontologies/BLDG1#BLDG1.ZONE.AHU05A.RM122_LAB.Zone_Supply_Air_Temp,119.0,https:/brickschema.org/schema/Brick#Supply_Air_Temperature_Sensor,BLDG1.ZONE.AHU05A.RM122_LAB.Zone Supply Air Temp,bldg1
2015-01-02T10:30:00Z,http:/buildsys.org/ontologies/BLDG1#BLDG1.ZONE.AHU05A.RM122_LAB.Zone_Supply_Air_Temp,120.5,https:/brickschema.org/schema/Brick#Supply_Air_Temperature_Sensor,BLDG1.ZONE.AHU05A.RM122_LAB.Zone Supply Air Temp,bldg1
2015-01-02T10:45:00Z,http:/buildsys.org/ontologies/BLDG1#BLDG1.ZONE.AHU05A.RM122_LAB.Zone_Supply_Air_Temp,121.0,https:/brickschema.org/schema/Brick#Supply_Air_Temperature_Sensor,BLDG1.ZONE.AHU05A.RM122_LAB.Zone Supply Air Temp,bldg1
2015-01-02T11:00:00Z,http:/buildsys.org/ontologies/BLDG1#BLDG1.ZONE.AHU05A.RM122_LAB.Zone_Supply_Air_Temp,121.5,https:/brickschema.org/schema/Brick#Supply_Air_Temperature_Sensor,BLDG1.ZONE.AHU05A.RM122_LAB.Zone Supply Air Temp,bldg1
2015-01-02T11:15:00Z,http:/buildsys.org/ontologies/BLDG1#BLDG1.ZONE.AHU05A.RM122_LAB.Zone_Supply_Air_Temp,122.0,https:/brickschema.org/schema/Brick#Supply_Air_Temperature_Sensor,BLDG1.ZONE.AHU05A.RM122_LAB.Zone Supply Air Temp,bldg1
2015-01-02T11:30:00Z,http:/buildsys.org/ontologies/BLDG1#BLDG1.ZONE.AHU05A.RM122_LAB.Zone_Supply_Air_Temp,122.0,https:/brickschema.org/schema/Brick#Supply_Air_Temperature_Sensor,BLDG1.ZONE.AHU05A.RM122_LAB.Zone Supply Air Temp,bldg1
2015-01-02T11:45:00Z,http:/buildsys.org/ontologies/BLDG1#BLDG1.ZONE.AHU05A.RM122_LAB.Zone_Supply_Air_Temp,122.5,https:/brickschema.org/schema/Brick#Supply_Air_Temperature_Sensor,BLDG1.ZONE.AHU05A.RM122_LAB.Zone Supply Air Temp,bldg1
2015-01-02T12:00:00Z,http:/buildsys.org/ontologies/BLDG1#BLDG1.ZONE.AHU05A.RM122_LAB.Zone_Supply_Air_Temp,123.0,https:/brickschema.org/schema/Brick#Supply_Air_Temperature_Sensor,BLDG1.ZONE.AHU05A.RM122_LAB.Zone Supply Air Temp,bldg1
2015-01-02T12:15:00Z,http:/buildsys.org/ontologies/BLDG1#BLDG1.ZONE.AHU05A.RM122_LAB.Zone_Supply_Air_Temp,123.5,https:/brickschema.org/schema/Brick#Supply_Air_Temperature_Sensor,BLDG1.ZONE.AHU05A.RM122_LAB.Zone Supply Air Temp,bldg1
2015-01-02T12:30:00Z,http:/buildsys.org/ontologies/BLDG1#BLDG1.ZONE.AHU05A.RM122_LAB.Zone_Supply_Air_Temp,123.5,https:/brickschema.org/schema/Brick#Supply_Air_Temperature_Sensor,BLDG1.ZONE.AHU05A.RM122_LAB.Zone Supply Air Temp,bldg1
2015-01-02T12:45:00Z,http:/buildsys.org/ontologies/BLDG1#BLDG1.ZONE.AHU05A.RM122_LAB.Zone_Supply_Air_Temp,123.5,https:/brickschema.org/schema/Brick#Supply_Air_Temperature_Sensor,BLDG1.ZONE.AHU05A.RM122_LAB.Zone Supply Air Temp,bldg1
2015-01-02T13:00:00Z,http:/buildsys.org/ontologies/BLDG1#BLDG1.ZONE.AHU05A.RM122_LAB.Zone_Supply_Air_Temp,123.5,https:/brickschema.org/schema/Brick#Supply_Air_Temperature_Sensor,BLDG1.ZONE.AHU05A.RM122_LAB.Zone Supply Air Temp,bldg1
2015-01-02T13:15:00Z,http:/buildsys.org/ontologies/BLDG1#BLDG1.ZONE.AHU05A.RM122_LAB.Zone_Supply_Air_Temp,124.0,https:/brickschema.org/schema/Brick#Supply_Air_Temperature_Sensor,BLDG1.ZONE.AHU05A.RM122_LAB.Zone Supply Air Temp,bldg1
2015-01-02T13:30:00Z,http:/buildsys.org/ontologies/BLDG1#BLDG1.ZONE.AHU05A.RM122_LAB.Zone_Supply_Air_Temp,124.0,https:/brickschema.org/schema/Brick#Supply_Air_Temperature_Sensor,BLDG1.ZONE.AHU05A.RM122_LAB.Zone Supply Air Temp,bldg1
2015-01-02T13:45:00Z,http:/buildsys.org/ontologies/BLDG1#BLDG1.ZONE.AHU05A.RM122_LAB.Zone_Supply_Air_Temp,124.0,https:/brickschema.org/schema/Brick#Supply_Air_Temperature_Sensor,BLDG1.ZONE.AHU05A.RM122_LAB.Zone Supply Air Temp,bldg1
2015-01-02T14:00:00Z,http:/buildsys.org/ontologies/BLDG1#BLDG1.ZONE.AHU05A.RM122_LAB.Zone_Supply_Air_Temp,124.0,https:/brickschema.org/schema/Brick#Supply_Air_Temperature_Sensor,BLDG1.ZONE.AHU05A.RM122_LAB.Zone Supply Air Temp,bldg1
2015-01-02T14:15:00Z,http:/buildsys.org/ontologies/BLDG1#BLDG1.ZONE.AHU05A.RM122_LAB.Zone_Supply_Air_Temp,124.5,https:/brickschema.org/schema/Brick#Supply_Air_Temperature_Sensor,BLDG1.ZONE.AHU05A.RM122_LAB.Zone Supply Air Temp,bldg1
2015-01-02T14:30:00Z,http:/buildsys.org/ontologies/BLDG1#BLDG1.ZONE.AHU05A.RM122_LAB.Zone_Supply_Air_Temp,124.0,https:/brickschema.org/schema/Brick#Supply_Air_Temperature_Sensor,BLDG1.ZONE.AHU05A.RM122_LAB.Zone Supply Air Temp,bldg1
2015-01-02T14:45:00Z,http:/buildsys.org/ontologies/BLDG1#BLDG1.ZONE.AHU05A.RM122_LAB.Zone_Supply_Air_Temp,124.0,https:/brickschema.org/schema/Brick#Supply_Air_Temperature_Sensor,BLDG1.ZONE.AHU05A.RM122_LAB.Zone Supply Air Temp,bldg1
2015-01-02T15:00:00Z,http:/buildsys.org/ontologies/BLDG1#BLDG1.ZONE.AHU05A.RM122_LAB.Zone_Supply_Air_Temp,124.0,https:/brickschema.org/schema/Brick#Supply_Air_Temperature_Sensor,BLDG1.ZONE.AHU05A.RM122_LAB.Zone Supply Air Temp,bldg1
2015-01-02T15:15:00Z,http:/buildsys.org/ontologies/BLDG1#BLDG1.ZONE.AHU05A.RM122_LAB.Zone_Supply_Air_Temp,124.0,https:/brickschema.org/schema/Brick#Supply_Air_Temperature_Sensor,BLDG1.ZONE.AHU05A.RM122_LAB.Zone Supply Air Temp,bldg1
2015-01-02T15:30:00Z,http:/buildsys.org/ontologies/BLDG1#BLDG1.ZONE.AHU05A.RM122_LAB.Zone_Supply_Air_Temp,124.0,https:/brickschema.org/schema/Brick#Supply_Air_Temperature_Sensor,BLDG1.ZONE.AHU05A.RM122_LAB.Zone Supply Air Temp,bldg1
2015-01-02T15:45:00Z,http:/buildsys.org/ontologies/BLDG1#BLDG1.ZONE.AHU05A.RM122_LAB.Zone_Supply_Air_Temp,123.5,https:/brickschema.org/schema/Brick#Supply_Air_Temperature_Sensor,BLDG1.ZONE.AHU05A.RM122_LAB.Zone Supply Air Temp,bldg1
2015-01-02T16:00:00Z,http:/buildsys.org/ontologies/BLDG1#BLDG1.ZONE.AHU05A.RM122_LAB.Zone_Supply_Air_Temp,123.5,https:/brickschema.org/schema/Brick#Supply_Air_Temperature_Sensor,BLDG1.ZONE.AHU05A.RM122_LAB.Zone Supply Air Temp,bldg1
2015-01-02T16:15:00Z,http:/buildsys.org/ontologies/BLDG1#BLDG1.ZONE.AHU05A.RM122_LAB.Zone_Supply_Air_Temp,123.0,https:/brickschema.org/schema/Brick#Supply_Air_Temperature_Sensor,BLDG1.ZONE.AHU05A.RM122_LAB.Zone Supply Air Temp,bldg1
2015-01-02T16:30:00Z,http:/buildsys.org/ontologies/BLDG1#BLDG1.ZONE.AHU05A.RM122_LAB.Zone_Supply_Air_Temp,123.0,https:/brickschema.org/schema/Brick#Supply_Air_Temperature_Sensor,BLDG1.ZONE.AHU05A.RM122_LAB.Zone Supply Air Temp,bldg1
2015-01-02T16:45:00Z,http:/buildsys.org/ontologies/BLDG1#BLDG1.ZONE.AHU05A.RM122_LAB.Zone_Supply_Air_Temp,123.0,https:/brickschema.org/schema/Brick#Supply_Air_Temperature_Sensor,BLDG1.ZONE.AHU05A.RM122_LAB.Zone Supply Air Temp,bldg1
2015-01-02T17:00:00Z,http:/buildsys.org/ontologies/BLDG1#BLDG1.ZONE.AHU05A.RM122_LAB.Zone_Supply_Air_Temp,122.5,https:/brickschema.org/schema/Brick#Supply_Air_Temperature_Sensor,BLDG1.ZONE.AHU05A.RM122_LAB.Zone Supply Air Temp,bldg1
2015-01-02T17:15:00Z,http:/buildsys.org/ontologies/BLDG1#BLDG1.ZONE.AHU05A.RM122_LAB.Zone_Supply_Air_Temp,122.0,https:/brickschema.org/schema/Brick#Supply_Air_Temperature_Sensor,BLDG1.ZONE.AHU05A.RM122_LAB.Zone Supply Air Temp,bldg1
2015-01-02T17:30:00Z,http:/buildsys.org/ontologies/BLDG1#BLDG1.ZONE.AHU05A.RM122_LAB.Zone_Supply_Air_Temp,121.5,https:/brickschema.org/schema/Brick#Supply_Air_Temperature_Sensor,BLDG1.ZONE.AHU05A.RM122_LAB.Zone Supply Air Temp,bldg1
2015-01-02T17:45:00Z,http:/buildsys.org/ontologies/BLDG1#BLDG1.ZONE.AHU05A.RM122_LAB.Zone_Supply_Air_Temp,121.5,https:/brickschema.org/schema/Brick#Supply_Air_Temperature_Sensor,BLDG1.ZONE.AHU05A.RM122_LAB.Zone Supply Air Temp,bldg1
2015-01-02T18:00:00Z,http:/buildsys.org/ontologies/BLDG1#BLDG1.ZONE.AHU05A.RM122_LAB.Zone_Supply_Air_Temp,92.5,https:/brickschema.org/schema/Brick#Supply_Air_Temperature_Sensor,BLDG1.ZONE.AHU05A.RM122_LAB.Zone Supply Air Temp,bldg1
2015-01-02T18:15:00Z,http:/buildsys.org/ontologies/BLDG1#BLDG1.ZONE.AHU05A.RM122_LAB.Zone_Supply_Air_Temp,120.5,https:/brickschema.org/schema/Brick#Supply_Air_Temperature_Sensor,BLDG1.ZONE.AHU05A.RM122_LAB.Zone Supply Air Temp,bldg1
2015-01-02T18:30:00Z,http:/buildsys.org/ontologies/BLDG1#BLDG1.ZONE.AHU05A.RM122_LAB.Zone_Supply_Air_Temp,121.0,https:/brickschema.org/schema/Brick#Supply_Air_Temperature_Sensor,BLDG1.ZONE.AHU05A.RM122_LAB.Zone Supply Air Temp,bldg1
2015-01-02T18:45:00Z,http:/buildsys.org/ontologies/BLDG1#BLDG1.ZONE.AHU05A.RM122_LAB.Zone_Supply_Air_Temp,121.0,https:/brickschema.org/schema/Brick#Supply_Air_Temperature_Sensor,BLDG1.ZONE.AHU05A.RM122_LAB.Zone Supply Air Temp,bldg1
2015-01-02T19:00:00Z,http:/buildsys.org/ontologies/BLDG1#BLDG1.ZONE.AHU05A.RM122_LAB.Zone_Supply_Air_Temp,121.0,https:/brickschema.org/schema/Brick#Supply_Air_Temperature_Sensor,BLDG1.ZONE.AHU05A.RM122_LAB.Zone Supply Air Temp,bldg1
2015-01-02T19:15:00Z,http:/buildsys.org/ontologies/BLDG1#BLDG1.ZONE.AHU05A.RM122_LAB.Zone_Supply_Air_Temp,121.0,https:/brickschema.org/schema/Brick#Supply_Air_Temperature_Sensor,BLDG1.ZONE.AHU05A.RM122_LAB.Zone Supply Air Temp,bldg1
2015-01-02T19:30:00Z,http:/buildsys.org/ontologies/BLDG1#BLDG1.ZONE.AHU05A.RM122_LAB.Zone_Supply_Air_Temp,120.5,https:/brickschema.org/schema/Brick#Supply_Air_Temperature_Sensor,BLDG1.ZONE.AHU05A.RM122_LAB.Zone Supply Air Temp,bldg1
2015-01-02T19:45:00Z,http:/buildsys.org/ontologies/BLDG1#BLDG1.ZONE.AHU05A.RM122_LAB.Zone_Supply_Air_Temp,120.5,https:/brickschema.org/schema/Brick#Supply_Air_Temperature_Sensor,BLDG1.ZONE.AHU05A.RM122_LAB.Zone Supply Air Temp,bldg1
2015-01-02T20:00:00Z,http:/buildsys.org/ontologies/BLDG1#BLDG1.ZONE.AHU05A.RM122_LAB.Zone_Supply_Air_Temp,120.5,https:/brickschema.org/schema/Brick#Supply_Air_Temperature_Sensor,BLDG1.ZONE.AHU05A.RM122_LAB.Zone Supply Air Temp,bldg1
2015-01-02T20:15:00Z,http:/buildsys.org/ontologies/BLDG1#BLDG1.ZONE.AHU05A.RM122_LAB.Zone_Supply_Air_Temp,119.5,https:/brickschema.org/schema/Brick#Supply_Air_Temperature_Sensor,BLDG1.ZONE.AHU05A.RM122_LAB.Zone Supply Air Temp,bldg1
2015-01-02T20:30:00Z,http:/buildsys.org/ontologies/BLDG1#BLDG1.ZONE.AHU05A.RM122_LAB.Zone_Supply_Air_Temp,119.0,https:/brickschema.org/schema/Brick#Supply_Air_Temperature_Sensor,BLDG1.ZONE.AHU05A.RM122_LAB.Zone Supply Air Temp,bldg1
2015-01-02T20:45:00Z,http:/buildsys.org/ontologies/BLDG1#BLDG1.ZONE.AHU05A.RM122_LAB.Zone_Supply_Air_Temp,119.0,https:/brickschema.org/schema/Brick#Supply_Air_Temperature_Sensor,BLDG1.ZONE.AHU05A.RM122_LAB.Zone Supply Air Temp,bldg1
2015-01-02T21:00:00Z,http:/buildsys.org/ontologies/BLDG1#BLDG1.ZONE.AHU05A.RM122_LAB.Zone_Supply_Air_Temp,119.0,https:/brickschema.org/schema/Brick#Supply_Air_Temperature_Sensor,BLDG1.ZONE.AHU05A.RM122_LAB.Zone Supply Air Temp,bldg1
2015-01-02T21:15:00Z,http:/buildsys.org/ontologies/BLDG1#BLDG1.ZONE.AHU05A.RM122_LAB.Zone_Supply_Air_Temp,119.5,https:/brickschema.org/schema/Brick#Supply_Air_Temperature_Sensor,BLDG1.ZONE.AHU05A.RM122_LAB.Zone Supply Air Temp,bldg1
2015-01-02T21:30:00Z,http:/buildsys.org/ontologies/BLDG1#BLDG1.ZONE.AHU05A.RM122_LAB.Zone_Supply_Air_Temp,119.5,https:/brickschema.org/schema/Brick#Supply_Air_Temperature_Sensor,BLDG1.ZONE.AHU05A.RM122_LAB.Zone Supply Air Temp,bldg1
2015-01-02T21:45:00Z,http:/buildsys.org/ontologies/BLDG1#BLDG1.ZONE.AHU05A.RM122_LAB.Zone_Supply_Air_Temp,119.5,https:/brickschema.org/schema/Brick#Supply_Air_Temperature_Sensor,BLDG1.ZONE.AHU05A.RM122_LAB.Zone Supply Air Temp,bldg1
2015-01-02T22:00:00Z,http:/buildsys.org/ontologies/BLDG1#BLDG1.ZONE.AHU05A.RM122_LAB.Zone_Supply_Air_Temp,119.5,https:/brickschema.org/schema/Brick#Supply_Air_Temperature_Sensor,BLDG1.ZONE.AHU05A.RM122_LAB.Zone Supply Air Temp,bldg1
2015-01-02T22:15:00Z,http:/buildsys.org/ontologies/BLDG1#BLDG1.ZONE.AHU05A.RM122_LAB.Zone_Supply_Air_Temp,119.5,https:/brickschema.org/schema/Brick#Supply_Air_Temperature_Sensor,BLDG1.ZONE.AHU05A.RM122_LAB.Zone Supply Air Temp,bldg1
2015-01-02T22:30:00Z,http:/buildsys.org/ontologies/BLDG1#BLDG1.ZONE.AHU05A.RM122_LAB.Zone_Supply_Air_Temp,120.0,https:/brickschema.org/schema/Brick#Supply_Air_Temperature_Sensor,BLDG1.ZONE.AHU05A.RM122_LAB.Zone Supply Air Temp,bldg1
2015-01-02T22:45:00Z,http:/buildsys.org/ontologies/BLDG1#BLDG1.ZONE.AHU05A.RM122_LAB.Zone_Supply_Air_Temp,119.0,https:/brickschema.org/schema/Brick#Supply_Air_Temperature_Sensor,BLDG1.ZONE.AHU05A.RM122_LAB.Zone Supply Air Temp,bldg1
2015-01-02T23:00:00Z,http:/buildsys.org/ontologies/BLDG1#BLDG1.ZONE.AHU05A.RM122_LAB.Zone_Supply_Air_Temp,119.0,https:/brickschema.org/schema/Brick#Supply_Air_Temperature_Sensor,BLDG1.ZONE.AHU05A.RM122_LAB.Zone Supply Air Temp,bldg1
2015-01-02T23:15:00Z,http:/buildsys.org/ontologies/BLDG1#BLDG1.ZONE.AHU05A.RM122_LAB.Zone_Supply_Air_Temp,119.0,https:/brickschema.org/schema/Brick#Supply_Air_Temperature_Sensor,BLDG1.ZONE.AHU05A.RM122_LAB.Zone Supply Air Temp,bldg1
2015-01-02T23:30:00Z,http:/buildsys.org/ontologies/BLDG1#BLDG1.ZONE.AHU05A.RM122_LAB.Zone_Supply_Air_Temp,119.0,https:/brickschema.org/schema/Brick#Supply_Air_Temperature_Sensor,BLDG1.ZONE.AHU05A.RM122_LAB.Zone Supply Air Temp,bldg1
2015-01-02T23:45:00Z,http:/buildsys.org/ontologies/BLDG1#BLDG1.ZONE.AHU05A.RM122_LAB.Zone_Supply_Air_Temp,118.5,https:/brickschema.org/schema/Brick#Supply_Air_Temperature_Sensor,BLDG1.ZONE.AHU05A.RM122_LAB.Zone Supply Air Temp,bldg1
